order_date,product,category,region,channel,customer,quantity,unit_price,revenue,cost
2022-11-01,Wireless Headphones,Electronics,Europe,Partner,Cust_0015,24,89,1905.02,1238.88
2022-10-22,Cable Organizer,Accessories,Middle East,Online,Cust_0028,24,15,309.43,126.0
2022-10-13,USB-C Dock,Electronics,Middle East,Online,Cust_0013,8,99,843.33,554.4
2023-09-12,USB-C Dock,Electronics,North America,Partner,Cust_0011,15,99,1573.27,1039.5
2023-06-23,Desk Lamp,Home,Asia Pacific,Retail,Cust_0007,5,45,197.51,112.5
2022-10-17,Ergonomic Chair,Furniture,North America,Partner,Cust_0030,12,249,3020.47,2241.0
2023-08-01,Laptop Stand,Accessories,Middle East,Partner,Cust_0024,18,39,718.29,294.84
2022-09-19,Wireless Headphones,Electronics,Asia Pacific,Retail,Cust_0006,22,89,2166.71,1135.64
2022-10-21,Standing Desk,Furniture,Asia Pacific,Wholesale,Cust_0011,9,429,3710.63,3166.02
2023-02-09,Cable Organizer,Accessories,Middle East,Online,Cust_0011,9,15,136.38,47.25
2023-03-17,Mechanical Keyboard,Electronics,Asia Pacific,Wholesale,Cust_0036,15,129,1772.24,1257.75
2023-06-07,Power Bank,Accessories,Europe,Online,Cust_0003,25,49,1337.1,686.0
2023-08-24,Desk Lamp,Home,Middle East,Retail,Cust_0021,3,45,123.36,67.5
2023-12-03,Standing Desk,Furniture,Europe,Wholesale,Cust_0017,21,429,8035.03,7387.38
2023-04-05,Desk Mat,Accessories,Middle East,Wholesale,Cust_0026,19,29,528.19,286.52
2022-11-28,Noise-cancelling Mic,Electronics,North America,Online,Cust_0008,16,149,2135.71,1859.52
2022-12-20,Smart Speaker,Electronics,Middle East,Wholesale,Cust_0005,22,119,2527.5,1623.16
2023-11-01,Noise-cancelling Mic,Electronics,North America,Online,Cust_0035,9,149,1441.93,1045.98
2023-06-23,Laptop Stand,Accessories,Europe,Wholesale,Cust_0030,10,39,331.88,163.8
2023-04-05,Noise-cancelling Mic,Electronics,Middle East,Retail,Cust_0007,25,149,4139.05,2905.5
2023-05-11,Power Bank,Accessories,Europe,Retail,Cust_0024,21,49,1110.04,576.24
2022-07-10,Monitor 27in,Electronics,North America,Wholesale,Cust_0008,11,299,3712.39,1973.4
2023-05-20,USB-C Dock,Electronics,Middle East,Retail,Cust_0006,2,99,173.39,138.6
2023-11-19,Power Bank,Accessories,Europe,Retail,Cust_0031,3,49,166.71,82.32
2022-12-26,Desk Lamp,Home,Europe,Wholesale,Cust_0035,17,45,823.58,382.5
2023-01-31,Desk Mat,Accessories,Asia Pacific,Wholesale,Cust_0029,10,29,324.77,150.8
2023-10-15,Laptop Stand,Accessories,North America,Retail,Cust_0022,8,39,267.17,131.04
2023-03-02,Monitor 27in,Electronics,North America,Online,Cust_0004,8,299,2197.49,1435.2
2022-08-11,Power Bank,Accessories,Middle East,Online,Cust_0016,11,49,503.18,301.84
2023-11-19,USB-C Dock,Electronics,Middle East,Retail,Cust_0037,18,99,1767.39,1247.4
2023-11-06,Smart Speaker,Electronics,North America,Retail,Cust_0007,14,119,1745.46,1032.92
2023-07-07,Standing Desk,Furniture,North America,Wholesale,Cust_0007,14,429,5214.31,4924.92
2023-06-22,Smart Speaker,Electronics,Europe,Retail,Cust_0013,4,119,481.18,295.12
2022-11-30,Standing Desk,Furniture,South America,Partner,Cust_0016,6,429,2863.18,2110.68
2022-09-25,Webcam HD,Electronics,North America,Online,Cust_0035,18,79,1565.35,952.74
2022-10-13,Fitness Tracker,Electronics,Europe,Retail,Cust_0027,25,139,3460.03,2467.25
2023-02-13,Power Bank,Accessories,Europe,Online,Cust_0025,13,49,541.86,356.72
2023-08-13,Desk Lamp,Home,South America,Partner,Cust_0036,15,45,707.78,337.5
2023-11-20,Mechanical Keyboard,Electronics,Europe,Partner,Cust_0004,7,129,924.45,586.95
2022-09-10,Desk Mat,Accessories,North America,Online,Cust_0038,11,29,316.78,165.88
2022-12-18,Wireless Headphones,Electronics,Europe,Online,Cust_0005,17,89,1556.14,877.54
2023-03-07,Standing Desk,Furniture,Middle East,Retail,Cust_0039,4,429,1479.06,1407.12
2022-10-01,Standing Desk,Furniture,Asia Pacific,Partner,Cust_0014,22,429,9918.56,7739.16
2023-05-27,USB-C Dock,Electronics,Europe,Wholesale,Cust_0020,9,99,879.57,623.7
2022-09-22,Wireless Headphones,Electronics,North America,Online,Cust_0035,15,89,1220.12,774.3
2023-04-07,Mechanical Keyboard,Electronics,Europe,Online,Cust_0024,12,129,1448.15,1006.2
2023-10-01,Power Bank,Accessories,Middle East,Partner,Cust_0034,18,49,751.77,493.92
2023-05-12,Fitness Tracker,Electronics,Europe,Online,Cust_0017,22,139,2705.19,2171.18
2022-10-27,Desk Mat,Accessories,Asia Pacific,Retail,Cust_0019,18,29,538.42,271.44
2023-06-26,USB-C Dock,Electronics,Middle East,Partner,Cust_0032,22,99,2015.38,1524.6
2022-08-31,Laptop Stand,Accessories,Asia Pacific,Wholesale,Cust_0003,21,39,697.02,343.98
2022-11-20,Cable Organizer,Accessories,South America,Retail,Cust_0036,9,15,143.33,47.25
2022-07-19,Laptop Stand,Accessories,Middle East,Retail,Cust_0003,3,39,128.74,49.14
2022-12-08,Standing Desk,Furniture,Asia Pacific,Online,Cust_0024,5,429,2401.74,1758.9
2022-08-19,Fitness Tracker,Electronics,Europe,Retail,Cust_0007,12,139,1594.78,1184.28
2023-08-30,Monitor 27in,Electronics,Europe,Retail,Cust_0011,24,299,8201.18,4305.6
2023-01-07,Fitness Tracker,Electronics,Europe,Online,Cust_0022,14,139,2110.86,1381.66
2023-09-04,Smart Speaker,Electronics,Asia Pacific,Retail,Cust_0011,22,119,2843.7,1623.16
2022-10-28,Standing Desk,Furniture,Europe,Wholesale,Cust_0013,2,429,939.49,703.56
2023-10-24,Ergonomic Chair,Furniture,Europe,Retail,Cust_0002,10,249,2609.54,1867.5
2023-08-22,Ergonomic Chair,Furniture,Asia Pacific,Online,Cust_0023,9,249,2336.12,1680.75
2023-08-23,Cable Organizer,Accessories,North America,Partner,Cust_0008,18,15,300.54,94.5
2023-04-03,Mechanical Keyboard,Electronics,North America,Partner,Cust_0007,19,129,2522.01,1593.15
2023-06-28,Desk Mat,Accessories,Middle East,Wholesale,Cust_0033,11,29,282.22,165.88
2023-01-20,Desk Lamp,Home,North America,Wholesale,Cust_0034,2,45,101.49,45.0
2023-01-27,Ergonomic Chair,Furniture,Asia Pacific,Online,Cust_0040,14,249,3291.39,2614.5
2022-11-14,Desk Mat,Accessories,South America,Partner,Cust_0021,10,29,281.51,150.8
2023-05-08,Noise-cancelling Mic,Electronics,South America,Retail,Cust_0025,5,149,784.63,581.1
2023-01-04,Monitor 27in,Electronics,South America,Partner,Cust_0036,19,299,6249.77,3408.6
2023-05-17,Desk Lamp,Home,Middle East,Wholesale,Cust_0039,7,45,329.62,157.5
2023-10-29,Webcam HD,Electronics,Middle East,Retail,Cust_0031,15,79,1289.42,793.95
2022-12-30,Cable Organizer,Accessories,Middle East,Partner,Cust_0040,3,15,42.78,15.75
2023-03-07,Cable Organizer,Accessories,Europe,Retail,Cust_0010,10,15,128.6,52.5
2023-03-17,Webcam HD,Electronics,South America,Online,Cust_0027,20,79,1763.03,1058.6
2023-01-25,Desk Mat,Accessories,South America,Wholesale,Cust_0026,23,29,615.77,346.84
2022-07-15,Fitness Tracker,Electronics,South America,Online,Cust_0015,25,139,3137.11,2467.25
2023-12-22,Webcam HD,Electronics,North America,Retail,Cust_0030,2,79,140.62,105.86
2023-10-28,Cable Organizer,Accessories,South America,Partner,Cust_0040,17,15,279.1,89.25
2023-12-08,Standing Desk,Furniture,Europe,Wholesale,Cust_0031,18,429,7606.33,6332.04
2023-03-20,Power Bank,Accessories,Middle East,Partner,Cust_0032,21,49,1068.13,576.24
2023-04-17,Webcam HD,Electronics,Europe,Partner,Cust_0018,3,79,225.33,158.79
2022-09-30,Mechanical Keyboard,Electronics,South America,Retail,Cust_0010,5,129,684.94,419.25
2022-09-13,Standing Desk,Furniture,Middle East,Partner,Cust_0030,14,429,5854.24,4924.92
2023-02-06,Power Bank,Accessories,Middle East,Wholesale,Cust_0002,14,49,759.42,384.16
2023-08-03,Webcam HD,Electronics,Asia Pacific,Partner,Cust_0025,1,79,87.38,52.93
2023-09-12,Noise-cancelling Mic,Electronics,South America,Retail,Cust_0015,24,149,3332.41,2789.28
2023-11-19,Wireless Headphones,Electronics,South America,Partner,Cust_0011,13,89,1275.19,671.06
2022-11-17,Monitor 27in,Electronics,South America,Online,Cust_0038,18,299,5485.97,3229.2
2022-08-06,Laptop Stand,Accessories,Europe,Wholesale,Cust_0030,21,39,740.8,343.98
2023-04-02,Standing Desk,Furniture,South America,Retail,Cust_0021,11,429,4488.95,3869.58
2023-08-02,Desk Lamp,Home,Asia Pacific,Wholesale,Cust_0006,25,45,1114.98,562.5
2022-09-01,Ergonomic Chair,Furniture,North America,Online,Cust_0002,8,249,2260.69,1494.0
2023-01-30,Power Bank,Accessories,Europe,Retail,Cust_0009,1,49,48.61,27.44
2022-11-04,Monitor 27in,Electronics,Asia Pacific,Wholesale,Cust_0024,7,299,1884.4,1255.8
2022-11-04,Smart Speaker,Electronics,North America,Partner,Cust_0038,6,119,612.4,442.68
2023-05-25,Monitor 27in,Electronics,South America,Wholesale,Cust_0013,22,299,5741.27,3946.8
2023-03-15,Laptop Stand,Accessories,Middle East,Partner,Cust_0008,23,39,976.71,376.74
2022-08-21,Ergonomic Chair,Furniture,Asia Pacific,Wholesale,Cust_0005,18,249,4490.01,3361.5
2023-06-24,Wireless Headphones,Electronics,North America,Wholesale,Cust_0028,14,89,1418.24,722.68
2023-10-23,Desk Mat,Accessories,Europe,Wholesale,Cust_0034,5,29,165.25,75.4
2023-04-12,Monitor 27in,Electronics,South America,Wholesale,Cust_0028,18,299,5907.93,3229.2
2023-04-10,Ergonomic Chair,Furniture,Asia Pacific,Online,Cust_0029,8,249,1838.93,1494.0
2023-10-28,Monitor 27in,Electronics,Asia Pacific,Wholesale,Cust_0002,20,299,5969.79,3588.0
2023-06-07,Mechanical Keyboard,Electronics,Asia Pacific,Retail,Cust_0017,16,129,1965.14,1341.6
2023-04-18,Noise-cancelling Mic,Electronics,North America,Retail,Cust_0016,1,149,158.84,116.22
2023-11-22,Noise-cancelling Mic,Electronics,South America,Retail,Cust_0032,25,149,3667.09,2905.5
2022-07-27,Laptop Stand,Accessories,South America,Retail,Cust_0016,10,39,367.33,163.8
2023-07-22,Webcam HD,Electronics,South America,Partner,Cust_0036,18,79,1349.82,952.74
2023-10-17,Desk Lamp,Home,Europe,Partner,Cust_0008,10,45,479.87,225.0
2023-05-29,Laptop Stand,Accessories,Europe,Retail,Cust_0014,24,39,1003.0,393.12
2023-04-19,Desk Mat,Accessories,North America,Partner,Cust_0013,19,29,517.32,286.52
2023-07-14,Mechanical Keyboard,Electronics,Middle East,Online,Cust_0009,10,129,1202.66,838.5
2022-09-03,Noise-cancelling Mic,Electronics,South America,Retail,Cust_0007,10,149,1656.61,1162.2
2023-04-27,Webcam HD,Electronics,Asia Pacific,Wholesale,Cust_0012,16,79,1440.52,846.88
2023-03-25,Power Bank,Accessories,North America,Online,Cust_0026,16,49,782.06,439.04
2022-09-02,Mechanical Keyboard,Electronics,North America,Partner,Cust_0016,5,129,571.17,419.25
2023-09-09,Monitor 27in,Electronics,Middle East,Retail,Cust_0025,20,299,5891.22,3588.0
2023-10-06,Desk Lamp,Home,Asia Pacific,Wholesale,Cust_0037,19,45,886.04,427.5
2022-10-19,Smart Speaker,Electronics,Asia Pacific,Retail,Cust_0006,7,119,747.3,516.46
2023-01-03,Noise-cancelling Mic,Electronics,North America,Retail,Cust_0027,3,149,440.36,348.66
2023-11-03,Desk Lamp,Home,Asia Pacific,Retail,Cust_0019,2,45,95.48,45.0
2023-10-17,Laptop Stand,Accessories,Asia Pacific,Retail,Cust_0038,22,39,899.49,360.36
2023-01-28,Standing Desk,Furniture,Europe,Retail,Cust_0018,4,429,1884.15,1407.12
2022-09-21,Wireless Headphones,Electronics,Middle East,Partner,Cust_0037,6,89,601.48,309.72
2023-10-02,Laptop Stand,Accessories,South America,Partner,Cust_0018,15,39,585.08,245.7
2023-11-27,Webcam HD,Electronics,South America,Online,Cust_0021,3,79,244.37,158.79
2022-08-05,Laptop Stand,Accessories,Asia Pacific,Online,Cust_0037,8,39,268.97,131.04
2023-01-05,Webcam HD,Electronics,Asia Pacific,Wholesale,Cust_0012,17,79,1543.22,899.81
2023-09-29,Cable Organizer,Accessories,South America,Online,Cust_0023,16,15,233.4,84.0
2023-06-03,Cable Organizer,Accessories,Asia Pacific,Retail,Cust_0027,4,15,63.49,21.0
2023-05-01,Cable Organizer,Accessories,South America,Online,Cust_0006,13,15,184.15,68.25
2023-06-06,Laptop Stand,Accessories,Middle East,Wholesale,Cust_0001,25,39,1021.12,409.5
2023-10-26,Standing Desk,Furniture,Middle East,Retail,Cust_0024,2,429,889.57,703.56
2023-12-02,Cable Organizer,Accessories,Europe,Online,Cust_0018,15,15,228.32,78.75
2023-04-30,Webcam HD,Electronics,North America,Wholesale,Cust_0002,23,79,2074.91,1217.39
2023-03-12,Desk Mat,Accessories,Middle East,Partner,Cust_0001,6,29,176.73,90.48
2022-10-13,USB-C Dock,Electronics,North America,Wholesale,Cust_0010,4,99,395.81,277.2
2023-05-04,Noise-cancelling Mic,Electronics,South America,Partner,Cust_0031,23,149,3920.74,2673.06
2023-03-16,Webcam HD,Electronics,South America,Retail,Cust_0013,18,79,1601.97,952.74
2023-12-12,Desk Mat,Accessories,Asia Pacific,Online,Cust_0027,5,29,138.03,75.4
2023-12-11,Desk Lamp,Home,Asia Pacific,Partner,Cust_0038,1,45,46.08,22.5
2023-11-23,Power Bank,Accessories,Middle East,Wholesale,Cust_0031,5,49,233.62,137.2
2023-07-31,Webcam HD,Electronics,Europe,Retail,Cust_0037,11,79,838.49,582.23
2023-09-03,Wireless Headphones,Electronics,South America,Wholesale,Cust_0025,11,89,1122.45,567.82
2022-12-12,Webcam HD,Electronics,Middle East,Retail,Cust_0038,2,79,150.04,105.86
2022-10-20,Power Bank,Accessories,Middle East,Online,Cust_0030,15,49,628.13,411.6
2022-12-04,Standing Desk,Furniture,North America,Retail,Cust_0031,21,429,9769.88,7387.38
2023-04-07,Ergonomic Chair,Furniture,North America,Wholesale,Cust_0022,20,249,5506.4,3735.0
2023-08-03,Ergonomic Chair,Furniture,Middle East,Wholesale,Cust_0003,21,249,5413.26,3921.75
2023-03-07,Cable Organizer,Accessories,Europe,Partner,Cust_0006,22,15,323.46,115.5
2022-10-18,Smart Speaker,Electronics,South America,Online,Cust_0011,21,119,2644.44,1549.38
2022-08-08,Wireless Headphones,Electronics,Asia Pacific,Online,Cust_0023,11,89,942.24,567.82
2022-12-06,USB-C Dock,Electronics,Middle East,Wholesale,Cust_0012,17,99,1516.37,1178.1
2022-09-28,Monitor 27in,Electronics,South America,Retail,Cust_0038,13,299,3470.84,2332.2
2023-10-25,Cable Organizer,Accessories,Asia Pacific,Wholesale,Cust_0001,9,15,151.16,47.25
2023-10-29,Fitness Tracker,Electronics,North America,Retail,Cust_0029,10,139,1575.66,986.9
2023-05-12,Cable Organizer,Accessories,South America,Partner,Cust_0020,14,15,191.05,73.5
2023-08-07,Power Bank,Accessories,Europe,Online,Cust_0025,16,49,800.92,439.04
2023-05-08,Desk Mat,Accessories,South America,Online,Cust_0018,10,29,247.2,150.8
2022-08-29,Fitness Tracker,Electronics,Asia Pacific,Wholesale,Cust_0015,20,139,2869.29,1973.8
2023-07-05,USB-C Dock,Electronics,Middle East,Retail,Cust_0017,21,99,2189.87,1455.3
2022-11-27,Cable Organizer,Accessories,Asia Pacific,Online,Cust_0029,4,15,51.6,21.0
2023-07-18,Desk Mat,Accessories,Asia Pacific,Online,Cust_0021,5,29,155.77,75.4
2023-01-05,USB-C Dock,Electronics,Middle East,Partner,Cust_0033,5,99,556.4,346.5
2022-12-25,Desk Lamp,Home,Asia Pacific,Partner,Cust_0008,16,45,713.16,360.0
2022-09-25,Mechanical Keyboard,Electronics,South America,Retail,Cust_0036,25,129,3095.14,2096.25
2023-08-18,Wireless Headphones,Electronics,South America,Online,Cust_0024,9,89,842.53,464.58
2023-04-04,Monitor 27in,Electronics,North America,Partner,Cust_0015,13,299,3853.74,2332.2
2023-06-10,Fitness Tracker,Electronics,North America,Retail,Cust_0030,20,139,3121.43,1973.8
2023-05-15,Cable Organizer,Accessories,Europe,Online,Cust_0003,14,15,238.11,73.5
2023-05-17,Webcam HD,Electronics,Europe,Online,Cust_0035,4,79,281.46,211.72
2023-10-17,Ergonomic Chair,Furniture,Middle East,Wholesale,Cust_0010,22,249,6111.39,4108.5
2022-10-19,Power Bank,Accessories,Asia Pacific,Wholesale,Cust_0003,16,49,828.75,439.04
2023-02-17,Webcam HD,Electronics,Asia Pacific,Retail,Cust_0007,15,79,1355.97,793.95
2023-07-21,Noise-cancelling Mic,Electronics,North America,Partner,Cust_0026,21,149,2918.62,2440.62
2022-11-12,Power Bank,Accessories,Europe,Online,Cust_0039,15,49,838.88,411.6
2022-08-30,Smart Speaker,Electronics,Europe,Retail,Cust_0037,11,119,1193.23,811.58
2023-02-07,Monitor 27in,Electronics,Asia Pacific,Retail,Cust_0010,7,299,2274.24,1255.8
2022-07-12,Desk Lamp,Home,Middle East,Retail,Cust_0017,5,45,245.15,112.5
2022-10-30,Cable Organizer,Accessories,North America,Retail,Cust_0023,1,15,16.3,5.25
2023-03-10,Monitor 27in,Electronics,Europe,Online,Cust_0017,11,299,2847.35,1973.4
2023-09-14,Noise-cancelling Mic,Electronics,South America,Online,Cust_0029,4,149,645.71,464.88
2023-12-17,Monitor 27in,Electronics,Middle East,Wholesale,Cust_0015,4,299,1355.82,717.6
2022-08-23,Desk Mat,Accessories,South America,Partner,Cust_0002,22,29,553.94,331.76
2023-11-12,Power Bank,Accessories,North America,Wholesale,Cust_0032,13,49,677.59,356.72
2023-10-07,Laptop Stand,Accessories,Middle East,Partner,Cust_0010,3,39,101.76,49.14
2023-04-17,Monitor 27in,Electronics,South America,Partner,Cust_0039,21,299,6336.56,3767.4
2023-10-17,Noise-cancelling Mic,Electronics,North America,Wholesale,Cust_0008,20,149,3295.4,2324.4
2023-02-15,Standing Desk,Furniture,South America,Retail,Cust_0022,15,429,7067.08,5276.7
2023-08-22,Standing Desk,Furniture,Asia Pacific,Online,Cust_0028,24,429,9716.92,8442.72
2023-03-28,Ergonomic Chair,Furniture,North America,Wholesale,Cust_0006,5,249,1368.92,933.75
2022-10-13,Standing Desk,Furniture,Europe,Partner,Cust_0036,4,429,1489.48,1407.12
2023-06-12,Cable Organizer,Accessories,Asia Pacific,Wholesale,Cust_0028,4,15,66.63,21.0
2022-08-31,Desk Lamp,Home,Asia Pacific,Partner,Cust_0007,20,45,921.04,450.0
2023-02-12,Mechanical Keyboard,Electronics,Europe,Wholesale,Cust_0007,22,129,2710.39,1844.7
2023-07-21,Laptop Stand,Accessories,Middle East,Partner,Cust_0015,25,39,1064.86,409.5
2022-08-05,Monitor 27in,Electronics,North America,Partner,Cust_0012,22,299,6130.57,3946.8
2023-05-22,Fitness Tracker,Electronics,North America,Partner,Cust_0012,11,139,1698.66,1085.59
2023-08-24,Laptop Stand,Accessories,North America,Online,Cust_0034,5,39,178.34,81.9
2023-09-12,Webcam HD,Electronics,Asia Pacific,Retail,Cust_0020,11,79,926.77,582.23
2022-10-04,Fitness Tracker,Electronics,Europe,Retail,Cust_0040,2,139,240.45,197.38
2022-10-01,Desk Lamp,Home,South America,Wholesale,Cust_0039,15,45,663.26,337.5
2023-04-15,USB-C Dock,Electronics,Asia Pacific,Online,Cust_0028,25,99,2186.09,1732.5
2023-11-20,Noise-cancelling Mic,Electronics,North America,Partner,Cust_0015,22,149,3175.0,2556.84
2022-09-04,Wireless Headphones,Electronics,Europe,Partner,Cust_0009,7,89,672.37,361.34
2023-05-02,Ergonomic Chair,Furniture,South America,Online,Cust_0028,4,249,899.1,747.0
2023-08-03,Noise-cancelling Mic,Electronics,Middle East,Retail,Cust_0036,23,149,3769.72,2673.06
2023-07-07,Laptop Stand,Accessories,South America,Online,Cust_0002,13,39,500.88,212.94
2022-09-27,Power Bank,Accessories,Middle East,Wholesale,Cust_0026,11,49,572.88,301.84
2023-09-10,Desk Lamp,Home,North America,Wholesale,Cust_0021,4,45,162.28,90.0
2023-10-24,Power Bank,Accessories,North America,Partner,Cust_0028,23,49,1243.47,631.12
2023-03-16,Standing Desk,Furniture,Middle East,Wholesale,Cust_0006,19,429,7896.12,6683.82
2023-05-23,Desk Mat,Accessories,Asia Pacific,Retail,Cust_0011,11,29,278.46,165.88
2022-11-03,Noise-cancelling Mic,Electronics,Asia Pacific,Retail,Cust_0023,17,149,2705.79,1975.74
2022-12-08,USB-C Dock,Electronics,Asia Pacific,Retail,Cust_0013,4,99,357.21,277.2
2022-12-13,Smart Speaker,Electronics,Europe,Online,Cust_0032,25,119,2942.83,1844.5
2023-10-12,Cable Organizer,Accessories,Asia Pacific,Partner,Cust_0010,19,15,279.85,99.75
2023-11-02,Webcam HD,Electronics,Asia Pacific,Partner,Cust_0038,21,79,1438.11,1111.53
2023-12-11,Laptop Stand,Accessories,South America,Wholesale,Cust_0003,10,39,338.16,163.8
2023-04-29,Laptop Stand,Accessories,Middle East,Online,Cust_0039,21,39,820.74,343.98
2023-10-26,Monitor 27in,Electronics,South America,Online,Cust_0037,18,299,5627.16,3229.2
2023-06-04,Monitor 27in,Electronics,North America,Retail,Cust_0029,16,299,4214.95,2870.4
2023-06-26,Desk Mat,Accessories,North America,Retail,Cust_0016,3,29,92.42,45.24
2023-10-02,Noise-cancelling Mic,Electronics,Asia Pacific,Retail,Cust_0024,17,149,2850.59,1975.74
2023-08-10,Standing Desk,Furniture,Middle East,Partner,Cust_0004,25,429,11655.59,8794.5
2023-06-17,Laptop Stand,Accessories,Middle East,Online,Cust_0025,11,39,401.22,180.18
2022-12-10,Ergonomic Chair,Furniture,Asia Pacific,Retail,Cust_0020,3,249,851.81,560.25
2023-08-15,Mechanical Keyboard,Electronics,Asia Pacific,Online,Cust_0036,20,129,2484.55,1677.0
2023-06-11,Power Bank,Accessories,South America,Online,Cust_0033,5,49,234.84,137.2
2023-07-16,Desk Lamp,Home,Asia Pacific,Retail,Cust_0032,6,45,245.05,135.0
2022-11-27,Mechanical Keyboard,Electronics,North America,Partner,Cust_0033,3,129,418.45,251.55
2023-12-31,Wireless Headphones,Electronics,Middle East,Partner,Cust_0009,22,89,2015.12,1135.64
2022-12-14,Mechanical Keyboard,Electronics,South America,Retail,Cust_0003,6,129,753.3,503.1
2023-03-10,Webcam HD,Electronics,South America,Partner,Cust_0015,20,79,1596.12,1058.6
2023-05-22,Smart Speaker,Electronics,Asia Pacific,Retail,Cust_0037,16,119,2180.71,1180.48
2023-10-25,Smart Speaker,Electronics,Middle East,Wholesale,Cust_0034,10,119,1160.96,737.8
2022-12-22,Power Bank,Accessories,Asia Pacific,Retail,Cust_0004,7,49,357.53,192.08
2023-07-25,Noise-cancelling Mic,Electronics,Asia Pacific,Online,Cust_0006,4,149,643.05,464.88
2023-04-15,Webcam HD,Electronics,South America,Retail,Cust_0006,17,79,1522.86,899.81
2023-02-22,Power Bank,Accessories,North America,Partner,Cust_0027,15,49,636.49,411.6
2023-12-06,Ergonomic Chair,Furniture,North America,Wholesale,Cust_0024,8,249,1827.38,1494.0
2023-06-01,Fitness Tracker,Electronics,Europe,Partner,Cust_0009,4,139,478.99,394.76
2023-11-05,Desk Mat,Accessories,South America,Wholesale,Cust_0040,5,29,123.48,75.4
2022-09-29,Wireless Headphones,Electronics,Europe,Retail,Cust_0036,9,89,906.79,464.58
2024-01-01,Standing Desk,Furniture,Europe,Partner,Cust_0020,4,429,1521.33,1407.12
2023-03-11,Standing Desk,Furniture,North America,Wholesale,Cust_0008,21,429,9918.97,7387.38
2023-12-03,Monitor 27in,Electronics,Middle East,Online,Cust_0037,18,299,4965.33,3229.2
2022-12-04,Desk Lamp,Home,Middle East,Online,Cust_0023,14,45,580.97,315.0
2023-09-09,Mechanical Keyboard,Electronics,Middle East,Online,Cust_0024,22,129,2469.92,1844.7
2023-12-30,Noise-cancelling Mic,Electronics,South America,Online,Cust_0031,17,149,2186.13,1975.74
2023-08-10,Ergonomic Chair,Furniture,Asia Pacific,Online,Cust_0005,9,249,2136.66,1680.75
2022-10-24,Smart Speaker,Electronics,Europe,Partner,Cust_0003,19,119,2160.81,1401.82
2023-06-21,Power Bank,Accessories,South America,Retail,Cust_0031,21,49,1069.67,576.24
2022-11-25,Laptop Stand,Accessories,North America,Wholesale,Cust_0019,23,39,816.7,376.74
2023-01-30,Fitness Tracker,Electronics,Asia Pacific,Partner,Cust_0033,2,139,269.51,197.38
2023-11-06,Desk Lamp,Home,Asia Pacific,Retail,Cust_0023,2,45,99.78,45.0
2022-08-27,Power Bank,Accessories,Asia Pacific,Partner,Cust_0008,21,49,1121.41,576.24
2023-09-30,Fitness Tracker,Electronics,South America,Wholesale,Cust_0022,13,139,2063.81,1282.97
2023-11-30,Desk Mat,Accessories,Middle East,Partner,Cust_0018,16,29,505.92,241.28
2023-09-17,Laptop Stand,Accessories,Middle East,Retail,Cust_0019,14,39,516.71,229.32
2022-09-29,Ergonomic Chair,Furniture,Asia Pacific,Partner,Cust_0029,22,249,5646.65,4108.5
2023-09-19,Mechanical Keyboard,Electronics,Asia Pacific,Wholesale,Cust_0029,23,129,2559.65,1928.55
2023-07-06,Monitor 27in,Electronics,North America,Partner,Cust_0005,14,299,4400.97,2511.6
2023-08-29,Ergonomic Chair,Furniture,North America,Retail,Cust_0010,17,249,4675.78,3174.75
2023-10-01,Wireless Headphones,Electronics,Europe,Online,Cust_0024,5,89,426.6,258.1
2022-08-12,Monitor 27in,Electronics,Asia Pacific,Wholesale,Cust_0024,5,299,1469.86,897.0
2022-09-26,Monitor 27in,Electronics,South America,Partner,Cust_0021,5,299,1562.08,897.0
2023-03-22,Laptop Stand,Accessories,South America,Retail,Cust_0034,1,39,37.68,16.38
2022-11-07,Desk Lamp,Home,South America,Partner,Cust_0014,25,45,1292.52,562.5
2023-04-28,Desk Mat,Accessories,North America,Retail,Cust_0009,16,29,513.11,241.28
2023-10-15,Mechanical Keyboard,Electronics,North America,Wholesale,Cust_0021,23,129,3116.39,1928.55
2022-09-14,Noise-cancelling Mic,Electronics,Asia Pacific,Partner,Cust_0011,18,149,2852.42,2091.96
2023-01-04,Smart Speaker,Electronics,North America,Retail,Cust_0013,12,119,1553.12,885.36
2023-03-09,Smart Speaker,Electronics,Asia Pacific,Online,Cust_0036,16,119,1945.28,1180.48
2023-10-31,Smart Speaker,Electronics,Middle East,Retail,Cust_0006,18,119,1862.95,1328.04
2023-08-21,Desk Mat,Accessories,Middle East,Wholesale,Cust_0027,24,29,752.2,361.92
2022-09-23,Mechanical Keyboard,Electronics,South America,Online,Cust_0030,11,129,1495.67,922.35
2023-06-27,Mechanical Keyboard,Electronics,Europe,Retail,Cust_0028,25,129,3227.77,2096.25
2022-09-04,Power Bank,Accessories,Asia Pacific,Retail,Cust_0011,4,49,176.12,109.76
2023-02-25,Ergonomic Chair,Furniture,North America,Partner,Cust_0017,17,249,3847.33,3174.75
2023-04-17,Mechanical Keyboard,Electronics,Middle East,Partner,Cust_0035,21,129,2378.58,1760.85
2022-12-29,Monitor 27in,Electronics,Europe,Retail,Cust_0040,19,299,6057.02,3408.6
2023-06-20,Power Bank,Accessories,North America,Online,Cust_0006,19,49,804.05,521.36
2023-04-07,Cable Organizer,Accessories,Middle East,Wholesale,Cust_0002,7,15,104.94,36.75
2023-05-02,Cable Organizer,Accessories,Europe,Wholesale,Cust_0026,10,15,140.88,52.5
2022-09-22,Desk Mat,Accessories,South America,Retail,Cust_0027,2,29,57.73,30.16
2023-02-03,Ergonomic Chair,Furniture,Asia Pacific,Retail,Cust_0021,20,249,5329.89,3735.0
2023-06-28,Standing Desk,Furniture,Middle East,Partner,Cust_0036,5,429,1891.58,1758.9
2023-03-14,Webcam HD,Electronics,South America,Partner,Cust_0016,4,79,281.96,211.72
2022-08-30,Desk Lamp,Home,Europe,Wholesale,Cust_0011,13,45,640.02,292.5
2023-05-26,USB-C Dock,Electronics,South America,Retail,Cust_0033,25,99,2450.36,1732.5
2023-05-21,Webcam HD,Electronics,South America,Online,Cust_0033,1,79,77.99,52.93
2023-03-13,USB-C Dock,Electronics,North America,Partner,Cust_0004,19,99,1757.62,1316.7
2023-11-03,Desk Lamp,Home,North America,Online,Cust_0028,18,45,721.05,405.0
2023-04-06,Desk Mat,Accessories,Asia Pacific,Wholesale,Cust_0003,12,29,337.62,180.96
2023-01-25,Ergonomic Chair,Furniture,North America,Partner,Cust_0025,18,249,4487.72,3361.5
2023-04-22,Power Bank,Accessories,Europe,Online,Cust_0007,20,49,948.81,548.8
2023-06-22,Noise-cancelling Mic,Electronics,Europe,Retail,Cust_0039,12,149,1792.89,1394.64
2023-12-04,Wireless Headphones,Electronics,Europe,Online,Cust_0022,2,89,194.23,103.24
2023-12-23,Webcam HD,Electronics,Asia Pacific,Retail,Cust_0040,5,79,373.5,264.65
2023-08-16,Monitor 27in,Electronics,Middle East,Partner,Cust_0022,24,299,7191.75,4305.6
2023-12-13,Noise-cancelling Mic,Electronics,South America,Partner,Cust_0002,16,149,2289.85,1859.52
2022-10-30,Standing Desk,Furniture,North America,Partner,Cust_0039,19,429,8088.87,6683.82
2023-02-28,Desk Mat,Accessories,Europe,Wholesale,Cust_0034,2,29,60.25,30.16
2023-08-03,Mechanical Keyboard,Electronics,North America,Retail,Cust_0037,22,129,3219.6,1844.7
2022-10-30,USB-C Dock,Electronics,Asia Pacific,Wholesale,Cust_0027,1,99,88.65,69.3
2023-02-03,Standing Desk,Furniture,North America,Wholesale,Cust_0009,17,429,7333.88,5980.26
2023-06-07,Cable Organizer,Accessories,Asia Pacific,Wholesale,Cust_0012,16,15,237.1,84.0
2023-06-25,Noise-cancelling Mic,Electronics,Middle East,Partner,Cust_0031,12,149,1622.93,1394.64
2023-03-19,Desk Lamp,Home,Europe,Partner,Cust_0020,18,45,875.9,405.0
2023-02-07,Desk Mat,Accessories,Asia Pacific,Wholesale,Cust_0031,23,29,636.75,346.84
2023-04-16,Desk Lamp,Home,South America,Wholesale,Cust_0023,4,45,204.55,90.0
2022-12-06,Desk Lamp,Home,North America,Partner,Cust_0023,2,45,101.45,45.0
2023-03-29,Desk Mat,Accessories,Europe,Retail,Cust_0035,16,29,432.14,241.28
2023-04-14,Mechanical Keyboard,Electronics,Europe,Retail,Cust_0004,4,129,542.29,335.4
2023-02-26,Cable Organizer,Accessories,North America,Online,Cust_0027,8,15,113.89,42.0
2023-11-05,Laptop Stand,Accessories,North America,Retail,Cust_0036,22,39,981.01,360.36
2022-12-18,Standing Desk,Furniture,South America,Wholesale,Cust_0013,21,429,9700.65,7387.38
2023-04-30,Ergonomic Chair,Furniture,North America,Online,Cust_0037,10,249,2289.97,1867.5
2022-08-17,Fitness Tracker,Electronics,Europe,Wholesale,Cust_0003,6,139,958.39,592.14
2023-08-20,Smart Speaker,Electronics,Asia Pacific,Retail,Cust_0003,16,119,1623.69,1180.48
2022-10-27,Fitness Tracker,Electronics,South America,Partner,Cust_0035,11,139,1540.15,1085.59
2022-11-24,Power Bank,Accessories,Asia Pacific,Wholesale,Cust_0013,17,49,910.17,466.48
2023-06-13,Mechanical Keyboard,Electronics,Asia Pacific,Wholesale,Cust_0012,24,129,2644.68,2012.4
2023-06-20,Smart Speaker,Electronics,Europe,Retail,Cust_0040,10,119,1317.14,737.8
2023-08-29,Power Bank,Accessories,North America,Partner,Cust_0026,14,49,720.83,384.16
2023-01-15,Mechanical Keyboard,Electronics,Europe,Partner,Cust_0001,16,129,1915.88,1341.6
2023-03-08,Webcam HD,Electronics,Asia Pacific,Partner,Cust_0020,25,79,2023.86,1323.25
2022-07-21,Desk Lamp,Home,Europe,Partner,Cust_0004,21,45,992.57,472.5
2023-10-29,Desk Lamp,Home,Middle East,Wholesale,Cust_0020,6,45,285.41,135.0
2023-05-08,Ergonomic Chair,Furniture,Europe,Retail,Cust_0009,20,249,4947.4,3735.0
2023-10-18,Desk Mat,Accessories,South America,Partner,Cust_0036,20,29,651.83,301.6
2023-02-18,Smart Speaker,Electronics,Middle East,Online,Cust_0029,8,119,960.05,590.24
2023-07-15,Laptop Stand,Accessories,North America,Online,Cust_0036,19,39,830.56,311.22
2023-02-02,Monitor 27in,Electronics,Europe,Retail,Cust_0021,18,299,5954.35,3229.2
2023-10-05,Laptop Stand,Accessories,Middle East,Retail,Cust_0032,22,39,752.71,360.36
2023-12-14,Webcam HD,Electronics,Europe,Wholesale,Cust_0033,2,79,153.99,105.86
2022-09-07,Noise-cancelling Mic,Electronics,North America,Partner,Cust_0026,15,149,2070.36,1743.3
2022-07-13,Desk Mat,Accessories,North America,Online,Cust_0028,7,29,193.53,105.56
2022-09-13,Noise-cancelling Mic,Electronics,South America,Online,Cust_0003,2,149,278.97,232.44
2023-01-10,Smart Speaker,Electronics,Asia Pacific,Wholesale,Cust_0025,5,119,585.81,368.9
2023-07-31,Standing Desk,Furniture,Asia Pacific,Retail,Cust_0008,3,429,1162.86,1055.34
2023-08-16,Noise-cancelling Mic,Electronics,North America,Retail,Cust_0002,5,149,851.94,581.1
2023-10-27,Cable Organizer,Accessories,Middle East,Wholesale,Cust_0025,24,15,394.92,126.0
2023-03-20,Webcam HD,Electronics,Asia Pacific,Retail,Cust_0013,12,79,1072.4,635.16
2022-11-02,Wireless Headphones,Electronics,Middle East,Wholesale,Cust_0002,22,89,1805.67,1135.64
2022-09-16,Laptop Stand,Accessories,South America,Online,Cust_0039,20,39,820.25,327.6
2022-08-28,USB-C Dock,Electronics,South America,Online,Cust_0029,24,99,2186.64,1663.2
2023-02-17,Smart Speaker,Electronics,Europe,Online,Cust_0033,25,119,3415.43,1844.5
2023-03-06,Power Bank,Accessories,Middle East,Partner,Cust_0039,24,49,1272.15,658.56
2023-06-03,USB-C Dock,Electronics,Middle East,Retail,Cust_0015,10,99,964.33,693.0
2023-04-17,Wireless Headphones,Electronics,South America,Retail,Cust_0036,18,89,1599.9,929.16
2023-06-27,Cable Organizer,Accessories,Middle East,Wholesale,Cust_0021,22,15,349.43,115.5
2023-09-01,Mechanical Keyboard,Electronics,Europe,Wholesale,Cust_0035,10,129,1279.75,838.5
2023-02-25,Desk Lamp,Home,South America,Retail,Cust_0004,23,45,1054.37,517.5
2023-09-09,Noise-cancelling Mic,Electronics,South America,Retail,Cust_0016,17,149,2346.82,1975.74
2023-06-13,Cable Organizer,Accessories,Asia Pacific,Wholesale,Cust_0006,3,15,45.48,15.75
2023-01-21,Wireless Headphones,Electronics,Middle East,Wholesale,Cust_0039,9,89,690.35,464.58
2022-09-22,USB-C Dock,Electronics,South America,Retail,Cust_0014,25,99,2749.33,1732.5
2023-06-15,Desk Lamp,Home,Europe,Retail,Cust_0008,1,45,48.33,22.5
2023-11-12,Fitness Tracker,Electronics,South America,Retail,Cust_0016,8,139,1129.37,789.52
2023-04-25,Standing Desk,Furniture,Asia Pacific,Partner,Cust_0017,15,429,6164.04,5276.7
2023-12-01,Webcam HD,Electronics,Asia Pacific,Wholesale,Cust_0014,4,79,303.74,211.72
2023-09-06,Wireless Headphones,Electronics,Europe,Retail,Cust_0002,19,89,1569.64,980.78
2023-09-10,Desk Lamp,Home,Asia Pacific,Retail,Cust_0015,5,45,216.89,112.5
2023-03-18,Webcam HD,Electronics,Asia Pacific,Partner,Cust_0032,18,79,1621.01,952.74
2023-11-24,Webcam HD,Electronics,Europe,Partner,Cust_0009,6,79,505.33,317.58
2023-11-22,Mechanical Keyboard,Electronics,Middle East,Online,Cust_0003,18,129,2558.2,1509.3
2022-09-24,Power Bank,Accessories,North America,Online,Cust_0027,22,49,960.76,603.68
2023-03-03,Laptop Stand,Accessories,North America,Retail,Cust_0014,23,39,898.54,376.74
2023-07-27,Wireless Headphones,Electronics,South America,Wholesale,Cust_0002,20,89,1516.53,1032.4
2023-09-04,Wireless Headphones,Electronics,Middle East,Partner,Cust_0019,1,89,76.11,51.62
2023-09-23,Smart Speaker,Electronics,North America,Online,Cust_0034,6,119,638.79,442.68
2023-01-22,Monitor 27in,Electronics,Asia Pacific,Partner,Cust_0018,17,299,5532.75,3049.8
2022-09-28,Ergonomic Chair,Furniture,Middle East,Wholesale,Cust_0016,13,249,3713.07,2427.75
2023-02-26,Desk Lamp,Home,North America,Online,Cust_0006,22,45,961.87,495.0
2023-07-31,Noise-cancelling Mic,Electronics,North America,Online,Cust_0011,16,149,2085.54,1859.52
2023-09-27,Cable Organizer,Accessories,Middle East,Online,Cust_0003,11,15,151.62,57.75
2023-11-08,Desk Lamp,Home,Asia Pacific,Online,Cust_0035,2,45,91.71,45.0
2022-08-12,Mechanical Keyboard,Electronics,Europe,Online,Cust_0038,11,129,1267.53,922.35
2023-08-21,Fitness Tracker,Electronics,Europe,Partner,Cust_0037,3,139,384.53,296.07
2023-08-12,Cable Organizer,Accessories,South America,Partner,Cust_0009,18,15,293.53,94.5
2022-09-28,Noise-cancelling Mic,Electronics,North America,Partner,Cust_0007,24,149,3508.51,2789.28
2022-09-25,Ergonomic Chair,Furniture,Asia Pacific,Wholesale,Cust_0002,20,249,5180.38,3735.0
2023-10-14,Webcam HD,Electronics,Middle East,Partner,Cust_0025,8,79,619.08,423.44
2023-08-03,Laptop Stand,Accessories,Europe,Partner,Cust_0005,25,39,852.75,409.5
2022-12-14,Standing Desk,Furniture,South America,Retail,Cust_0021,23,429,9454.66,8090.94
2022-10-11,Wireless Headphones,Electronics,Asia Pacific,Wholesale,Cust_0018,10,89,783.8,516.2
2022-10-07,Mechanical Keyboard,Electronics,Middle East,Wholesale,Cust_0036,14,129,1812.74,1173.9
2022-10-23,Wireless Headphones,Electronics,Middle East,Partner,Cust_0006,3,89,274.76,154.86
2023-06-07,Power Bank,Accessories,Asia Pacific,Online,Cust_0027,13,49,615.56,356.72
2022-10-04,Desk Mat,Accessories,Middle East,Retail,Cust_0034,18,29,470.26,271.44
2023-08-03,Mechanical Keyboard,Electronics,Asia Pacific,Partner,Cust_0018,5,129,643.67,419.25
2022-09-12,Mechanical Keyboard,Electronics,South America,Partner,Cust_0020,14,129,1797.46,1173.9
2022-09-26,Ergonomic Chair,Furniture,South America,Retail,Cust_0039,9,249,2319.44,1680.75
2023-10-21,Laptop Stand,Accessories,North America,Partner,Cust_0026,5,39,185.18,81.9
2023-08-03,Smart Speaker,Electronics,Asia Pacific,Wholesale,Cust_0028,11,119,1432.89,811.58
2022-11-26,Desk Lamp,Home,South America,Retail,Cust_0021,11,45,447.13,247.5
2023-08-21,Ergonomic Chair,Furniture,Middle East,Wholesale,Cust_0016,10,249,2359.94,1867.5
2023-04-23,Power Bank,Accessories,North America,Partner,Cust_0037,13,49,579.63,356.72
2023-01-10,Cable Organizer,Accessories,South America,Online,Cust_0014,25,15,368.08,131.25
2023-05-04,Power Bank,Accessories,South America,Online,Cust_0032,23,49,1005.01,631.12
2023-05-16,USB-C Dock,Electronics,South America,Retail,Cust_0025,9,99,777.12,623.7
2023-11-12,Monitor 27in,Electronics,Middle East,Wholesale,Cust_0003,13,299,4226.01,2332.2
2023-07-13,Desk Mat,Accessories,North America,Online,Cust_0016,18,29,546.68,271.44
2023-07-08,Mechanical Keyboard,Electronics,Middle East,Online,Cust_0026,21,129,3088.38,1760.85
2023-06-14,Smart Speaker,Electronics,North America,Online,Cust_0007,14,119,1545.42,1032.92
2023-12-14,Desk Mat,Accessories,South America,Retail,Cust_0024,17,29,476.9,256.36
2023-12-04,Mechanical Keyboard,Electronics,South America,Online,Cust_0007,12,129,1453.0,1006.2
2022-10-05,Laptop Stand,Accessories,Asia Pacific,Retail,Cust_0020,24,39,891.93,393.12
2023-02-06,Noise-cancelling Mic,Electronics,South America,Partner,Cust_0007,16,149,2339.78,1859.52
2023-10-16,Ergonomic Chair,Furniture,North America,Partner,Cust_0008,3,249,640.01,560.25
2023-06-26,Cable Organizer,Accessories,Europe,Retail,Cust_0034,4,15,54.14,21.0
2022-12-20,Ergonomic Chair,Furniture,South America,Wholesale,Cust_0015,18,249,4882.36,3361.5
2023-01-14,Mechanical Keyboard,Electronics,South America,Wholesale,Cust_0002,21,129,2901.93,1760.85
2023-01-28,Webcam HD,Electronics,South America,Wholesale,Cust_0001,19,79,1593.19,1005.67
2023-02-05,Desk Lamp,Home,Middle East,Online,Cust_0007,25,45,1226.08,562.5
2023-01-17,Ergonomic Chair,Furniture,South America,Retail,Cust_0008,11,249,2543.73,2054.25
2023-11-23,Noise-cancelling Mic,Electronics,Middle East,Partner,Cust_0025,21,149,3233.49,2440.62
2022-11-03,Ergonomic Chair,Furniture,Middle East,Wholesale,Cust_0012,12,249,3269.23,2241.0
2023-05-10,Fitness Tracker,Electronics,Europe,Online,Cust_0021,20,139,2461.3,1973.8
2023-05-18,Laptop Stand,Accessories,Europe,Partner,Cust_0033,6,39,226.17,98.28
2022-11-28,Monitor 27in,Electronics,Europe,Wholesale,Cust_0032,13,299,4045.01,2332.2
2023-01-03,Noise-cancelling Mic,Electronics,Asia Pacific,Wholesale,Cust_0009,6,149,810.08,697.32
2023-10-14,Monitor 27in,Electronics,North America,Partner,Cust_0032,2,299,532.79,358.8
2023-08-07,Noise-cancelling Mic,Electronics,South America,Wholesale,Cust_0032,17,149,2468.89,1975.74
2023-10-07,Webcam HD,Electronics,Middle East,Online,Cust_0002,6,79,516.07,317.58
2023-02-20,Desk Lamp,Home,Europe,Partner,Cust_0035,2,45,84.29,45.0
2023-10-21,Monitor 27in,Electronics,Middle East,Wholesale,Cust_0033,24,299,6343.32,4305.6
2022-11-03,Desk Lamp,Home,Middle East,Partner,Cust_0003,25,45,1212.75,562.5
2023-10-04,Noise-cancelling Mic,Electronics,North America,Wholesale,Cust_0016,7,149,979.7,813.54
2022-08-12,Webcam HD,Electronics,North America,Partner,Cust_0029,9,79,788.92,476.37
2022-11-07,Smart Speaker,Electronics,Middle East,Retail,Cust_0023,8,119,1055.12,590.24
2023-09-21,Mechanical Keyboard,Electronics,Europe,Retail,Cust_0014,20,129,2816.41,1677.0
2023-07-04,Noise-cancelling Mic,Electronics,Asia Pacific,Retail,Cust_0019,9,149,1256.25,1045.98
2023-04-09,Power Bank,Accessories,Europe,Online,Cust_0027,17,49,937.65,466.48
2023-04-19,Power Bank,Accessories,Europe,Retail,Cust_0016,21,49,919.8,576.24
2023-06-04,Power Bank,Accessories,South America,Wholesale,Cust_0010,8,49,401.11,219.52
2023-04-11,Cable Organizer,Accessories,South America,Wholesale,Cust_0005,14,15,218.42,73.5
2022-10-13,Standing Desk,Furniture,Asia Pacific,Partner,Cust_0030,17,429,8278.11,5980.26
2023-06-10,Monitor 27in,Electronics,South America,Online,Cust_0023,1,299,330.4,179.4
2023-08-21,USB-C Dock,Electronics,South America,Retail,Cust_0018,14,99,1312.35,970.2
2023-04-26,Ergonomic Chair,Furniture,Middle East,Retail,Cust_0032,18,249,4869.65,3361.5
2022-08-28,Wireless Headphones,Electronics,North America,Wholesale,Cust_0008,4,89,401.86,206.48
2022-12-18,Webcam HD,Electronics,South America,Online,Cust_0013,15,79,1361.22,793.95
2022-11-22,Fitness Tracker,Electronics,Europe,Partner,Cust_0018,21,139,2562.89,2072.49
2023-07-14,Desk Lamp,Home,Europe,Partner,Cust_0004,3,45,130.8,67.5
2023-05-18,Desk Mat,Accessories,South America,Retail,Cust_0006,23,29,707.76,346.84
2022-07-11,USB-C Dock,Electronics,Europe,Online,Cust_0038,16,99,1453.89,1108.8
2023-10-08,Wireless Headphones,Electronics,North America,Partner,Cust_0028,1,89,94.18,51.62
2023-11-11,Laptop Stand,Accessories,North America,Wholesale,Cust_0007,8,39,274.86,131.04
2023-07-21,Fitness Tracker,Electronics,South America,Retail,Cust_0009,10,139,1449.04,986.9
2022-12-03,Laptop Stand,Accessories,Middle East,Online,Cust_0011,17,39,651.09,278.46
2023-02-13,Cable Organizer,Accessories,South America,Retail,Cust_0040,24,15,380.15,126.0
2023-02-17,Laptop Stand,Accessories,North America,Retail,Cust_0038,4,39,166.76,65.52
2023-07-04,Standing Desk,Furniture,Europe,Retail,Cust_0018,11,429,4923.74,3869.58
2023-03-21,Noise-cancelling Mic,Electronics,North America,Partner,Cust_0020,20,149,2716.67,2324.4
2023-12-13,USB-C Dock,Electronics,Asia Pacific,Wholesale,Cust_0004,24,99,2578.29,1663.2
2023-03-12,Webcam HD,Electronics,Europe,Online,Cust_0032,13,79,1069.54,688.09
2022-09-20,Noise-cancelling Mic,Electronics,Asia Pacific,Partner,Cust_0009,1,149,143.94,116.22
2023-09-13,Ergonomic Chair,Furniture,South America,Retail,Cust_0005,18,249,3832.14,3361.5
2022-09-17,Wireless Headphones,Electronics,North America,Retail,Cust_0004,9,89,908.82,464.58
2023-08-21,Noise-cancelling Mic,Electronics,South America,Wholesale,Cust_0026,10,149,1303.35,1162.2
2022-12-13,Desk Lamp,Home,North America,Partner,Cust_0033,3,45,152.05,67.5
2022-12-16,Noise-cancelling Mic,Electronics,Middle East,Wholesale,Cust_0005,11,149,1545.66,1278.42
2023-09-30,Desk Mat,Accessories,Europe,Online,Cust_0006,8,29,261.55,120.64
2022-11-05,Webcam HD,Electronics,Asia Pacific,Online,Cust_0012,20,79,1399.62,1058.6
2022-11-27,Desk Mat,Accessories,South America,Retail,Cust_0023,1,29,29.2,15.08
2023-04-01,Mechanical Keyboard,Electronics,Asia Pacific,Retail,Cust_0008,12,129,1674.05,1006.2
2022-08-09,Ergonomic Chair,Furniture,Middle East,Partner,Cust_0005,14,249,3238.09,2614.5
2022-09-26,Webcam HD,Electronics,North America,Partner,Cust_0032,15,79,1312.75,793.95
2022-12-27,Ergonomic Chair,Furniture,North America,Partner,Cust_0037,6,249,1572.04,1120.5
2022-11-05,USB-C Dock,Electronics,North America,Online,Cust_0001,24,99,2193.92,1663.2
2023-11-05,Ergonomic Chair,Furniture,Europe,Retail,Cust_0003,13,249,3288.34,2427.75
2023-09-12,USB-C Dock,Electronics,South America,Retail,Cust_0021,11,99,1014.27,762.3
2022-09-27,Monitor 27in,Electronics,Middle East,Online,Cust_0004,12,299,3242.85,2152.8
2023-12-20,Wireless Headphones,Electronics,South America,Online,Cust_0019,13,89,1251.94,671.06
2023-05-24,Ergonomic Chair,Furniture,North America,Wholesale,Cust_0024,3,249,679.92,560.25
2023-05-17,Desk Mat,Accessories,South America,Retail,Cust_0024,20,29,595.95,301.6
2023-11-27,Smart Speaker,Electronics,Middle East,Retail,Cust_0016,25,119,2663.13,1844.5
2023-09-02,Wireless Headphones,Electronics,North America,Partner,Cust_0022,8,89,605.51,412.96
2023-07-30,Power Bank,Accessories,North America,Partner,Cust_0014,24,49,1186.52,658.56
2023-03-10,Standing Desk,Furniture,Europe,Online,Cust_0018,16,429,6025.96,5628.48
2023-03-04,Fitness Tracker,Electronics,Asia Pacific,Wholesale,Cust_0030,17,139,2699.41,1677.73
2022-10-04,Monitor 27in,Electronics,South America,Retail,Cust_0005,4,299,1228.97,717.6
2022-09-11,Standing Desk,Furniture,Europe,Retail,Cust_0019,22,429,8761.27,7739.16
2023-05-28,Fitness Tracker,Electronics,Asia Pacific,Partner,Cust_0029,13,139,1683.38,1282.97
2022-09-24,USB-C Dock,Electronics,Europe,Online,Cust_0007,5,99,445.16,346.5
2023-10-30,Ergonomic Chair,Furniture,Middle East,Online,Cust_0023,14,249,3971.91,2614.5
2023-02-07,Webcam HD,Electronics,Asia Pacific,Wholesale,Cust_0008,10,79,692.93,529.3
2023-05-17,Power Bank,Accessories,Europe,Online,Cust_0021,23,49,1008.1,631.12
2023-03-21,Ergonomic Chair,Furniture,Asia Pacific,Online,Cust_0017,13,249,3547.84,2427.75
2023-01-04,Wireless Headphones,Electronics,Middle East,Wholesale,Cust_0036,13,89,1070.17,671.06
2023-10-26,Laptop Stand,Accessories,North America,Online,Cust_0004,5,39,214.33,81.9
2023-02-22,Mechanical Keyboard,Electronics,Asia Pacific,Wholesale,Cust_0006,7,129,925.3,586.95
2023-04-01,Fitness Tracker,Electronics,North America,Online,Cust_0013,3,139,467.35,296.07
2023-10-07,Smart Speaker,Electronics,Asia Pacific,Online,Cust_0008,5,119,513.37,368.9
2023-10-25,Wireless Headphones,Electronics,South America,Wholesale,Cust_0032,6,89,458.62,309.72
2023-09-19,Mechanical Keyboard,Electronics,Europe,Retail,Cust_0018,12,129,1445.76,1006.2
2022-12-09,Wireless Headphones,Electronics,Asia Pacific,Retail,Cust_0032,20,89,1733.0,1032.4
2023-11-12,Wireless Headphones,Electronics,South America,Partner,Cust_0009,3,89,260.53,154.86
2023-12-30,USB-C Dock,Electronics,South America,Online,Cust_0023,21,99,2066.33,1455.3
2023-11-18,Ergonomic Chair,Furniture,South America,Partner,Cust_0018,19,249,4276.56,3548.25
2023-06-01,Monitor 27in,Electronics,Asia Pacific,Online,Cust_0004,8,299,2613.49,1435.2
2023-11-05,Noise-cancelling Mic,Electronics,Europe,Retail,Cust_0007,12,149,1652.75,1394.64
2023-03-13,Desk Lamp,Home,Europe,Online,Cust_0037,18,45,894.2,405.0
2023-08-11,Ergonomic Chair,Furniture,Europe,Retail,Cust_0038,6,249,1412.43,1120.5
2023-07-12,Fitness Tracker,Electronics,Asia Pacific,Online,Cust_0037,19,139,2691.4,1875.11
2023-01-18,Power Bank,Accessories,Europe,Partner,Cust_0032,16,49,675.33,439.04
2022-09-05,USB-C Dock,Electronics,North America,Retail,Cust_0034,20,99,1966.93,1386.0
2023-06-14,Fitness Tracker,Electronics,Europe,Retail,Cust_0022,20,139,2960.93,1973.8
2023-06-06,Wireless Headphones,Electronics,Middle East,Retail,Cust_0010,1,89,96.33,51.62
2023-12-30,Power Bank,Accessories,Asia Pacific,Online,Cust_0026,12,49,603.17,329.28
2023-06-19,Desk Lamp,Home,Europe,Retail,Cust_0028,11,45,538.34,247.5
2023-11-20,Cable Organizer,Accessories,Middle East,Retail,Cust_0040,11,15,179.21,57.75
2023-02-23,Cable Organizer,Accessories,South America,Retail,Cust_0020,19,15,305.01,99.75
2023-05-07,Mechanical Keyboard,Electronics,Middle East,Online,Cust_0026,6,129,855.45,503.1
2022-08-12,Mechanical Keyboard,Electronics,Middle East,Partner,Cust_0015,20,129,2688.09,1677.0
2022-10-24,Fitness Tracker,Electronics,Asia Pacific,Retail,Cust_0005,16,139,2049.19,1579.04
2023-06-02,Mechanical Keyboard,Electronics,Asia Pacific,Online,Cust_0029,21,129,2311.91,1760.85
2023-02-09,USB-C Dock,Electronics,Asia Pacific,Online,Cust_0017,23,99,2473.06,1593.9
2022-07-11,Wireless Headphones,Electronics,South America,Wholesale,Cust_0011,13,89,1290.48,671.06
2023-11-26,Fitness Tracker,Electronics,Middle East,Partner,Cust_0025,13,139,1590.93,1282.97
2023-11-12,Smart Speaker,Electronics,Europe,Retail,Cust_0029,19,119,1971.85,1401.82
2022-08-13,Desk Lamp,Home,Asia Pacific,Partner,Cust_0007,1,45,39.25,22.5
2022-12-31,Fitness Tracker,Electronics,North America,Retail,Cust_0036,13,139,2046.52,1282.97
2022-10-13,Ergonomic Chair,Furniture,North America,Wholesale,Cust_0028,20,249,5641.01,3735.0
2022-12-25,Monitor 27in,Electronics,North America,Retail,Cust_0007,14,299,3973.89,2511.6
2023-01-20,Standing Desk,Furniture,Asia Pacific,Partner,Cust_0020,23,429,9090.12,8090.94
2022-08-29,Standing Desk,Furniture,Europe,Wholesale,Cust_0004,19,429,7810.68,6683.82
2023-09-20,Laptop Stand,Accessories,Europe,Wholesale,Cust_0007,10,39,334.51,163.8
2022-12-31,Cable Organizer,Accessories,South America,Online,Cust_0008,10,15,141.38,52.5
2023-08-21,Webcam HD,Electronics,North America,Partner,Cust_0035,16,79,1221.35,846.88
2023-07-24,Fitness Tracker,Electronics,Europe,Partner,Cust_0029,13,139,1560.14,1282.97
2023-10-03,Webcam HD,Electronics,Asia Pacific,Retail,Cust_0037,9,79,617.5,476.37
2022-10-17,Laptop Stand,Accessories,Middle East,Partner,Cust_0027,22,39,979.16,360.36
2023-02-27,Noise-cancelling Mic,Electronics,Middle East,Wholesale,Cust_0027,2,149,339.63,232.44
2023-11-08,Monitor 27in,Electronics,Asia Pacific,Wholesale,Cust_0006,8,299,2316.51,1435.2
2022-08-14,Noise-cancelling Mic,Electronics,North America,Retail,Cust_0029,19,149,2553.18,2208.18
2022-12-28,USB-C Dock,Electronics,North America,Retail,Cust_0028,7,99,605.34,485.1
2023-09-28,USB-C Dock,Electronics,Middle East,Retail,Cust_0017,21,99,1966.58,1455.3
2022-09-16,Laptop Stand,Accessories,Middle East,Wholesale,Cust_0021,13,39,561.24,212.94
2023-12-24,Webcam HD,Electronics,North America,Wholesale,Cust_0027,1,79,70.7,52.93
2022-10-20,Fitness Tracker,Electronics,Asia Pacific,Online,Cust_0035,4,139,619.41,394.76
2023-09-03,Desk Lamp,Home,Middle East,Wholesale,Cust_0039,13,45,580.27,292.5
2023-01-02,Desk Lamp,Home,Middle East,Retail,Cust_0039,13,45,616.73,292.5
2023-08-25,Wireless Headphones,Electronics,Europe,Partner,Cust_0004,13,89,1242.3,671.06
2023-04-11,Fitness Tracker,Electronics,Asia Pacific,Online,Cust_0020,12,139,1573.4,1184.28
2023-11-25,Power Bank,Accessories,Europe,Online,Cust_0009,23,49,1059.54,631.12
2023-10-06,Smart Speaker,Electronics,South America,Partner,Cust_0039,11,119,1366.16,811.58
2023-01-18,Webcam HD,Electronics,South America,Wholesale,Cust_0034,7,79,613.92,370.51
2022-09-05,Noise-cancelling Mic,Electronics,Asia Pacific,Online,Cust_0033,6,149,868.09,697.32
2023-12-28,Fitness Tracker,Electronics,Europe,Online,Cust_0013,19,139,2938.26,1875.11
2023-01-31,Power Bank,Accessories,North America,Retail,Cust_0030,2,49,84.79,54.88
2023-07-14,Desk Mat,Accessories,Asia Pacific,Partner,Cust_0030,7,29,203.31,105.56
2022-11-13,Cable Organizer,Accessories,Asia Pacific,Retail,Cust_0032,1,15,15.42,5.25
2023-01-07,Power Bank,Accessories,Asia Pacific,Partner,Cust_0011,16,49,863.42,439.04
2023-03-31,Desk Mat,Accessories,Asia Pacific,Online,Cust_0002,23,29,644.3,346.84
2022-12-23,Power Bank,Accessories,Europe,Retail,Cust_0015,19,49,980.63,521.36
2023-04-11,Cable Organizer,Accessories,North America,Online,Cust_0031,14,15,235.93,73.5
2023-01-03,Monitor 27in,Electronics,Asia Pacific,Retail,Cust_0039,1,299,326.37,179.4
2023-05-18,Desk Mat,Accessories,South America,Partner,Cust_0025,23,29,737.35,346.84
2023-10-23,Desk Lamp,Home,Asia Pacific,Wholesale,Cust_0034,7,45,345.65,157.5
2023-08-20,Monitor 27in,Electronics,Middle East,Online,Cust_0024,4,299,1218.05,717.6
2023-04-25,Desk Lamp,Home,South America,Online,Cust_0005,22,45,941.38,495.0
2023-04-19,Cable Organizer,Accessories,Asia Pacific,Partner,Cust_0020,11,15,149.57,57.75
2023-12-21,Smart Speaker,Electronics,Middle East,Online,Cust_0026,8,119,997.85,590.24
2022-11-30,Desk Mat,Accessories,Asia Pacific,Wholesale,Cust_0017,1,29,32.54,15.08
2023-08-28,Standing Desk,Furniture,Middle East,Online,Cust_0037,24,429,11272.11,8442.72
2023-06-26,Desk Mat,Accessories,Middle East,Retail,Cust_0031,23,29,748.35,346.84
2023-07-12,Noise-cancelling Mic,Electronics,Middle East,Retail,Cust_0012,10,149,1397.82,1162.2
2023-11-04,Mechanical Keyboard,Electronics,Middle East,Partner,Cust_0012,24,129,3511.1,2012.4
2023-06-18,Cable Organizer,Accessories,Asia Pacific,Retail,Cust_0015,3,15,48.3,15.75
2023-05-20,Standing Desk,Furniture,Asia Pacific,Partner,Cust_0038,11,429,4427.44,3869.58
2022-11-07,Webcam HD,Electronics,South America,Online,Cust_0013,2,79,158.02,105.86
2023-08-04,Noise-cancelling Mic,Electronics,North America,Wholesale,Cust_0010,10,149,1327.9,1162.2
2023-01-31,Ergonomic Chair,Furniture,Europe,Wholesale,Cust_0021,14,249,3864.99,2614.5
2023-01-10,Smart Speaker,Electronics,Asia Pacific,Wholesale,Cust_0012,3,119,337.02,221.34
2022-09-07,Wireless Headphones,Electronics,Europe,Partner,Cust_0011,15,89,1365.55,774.3
2022-12-19,Webcam HD,Electronics,Europe,Online,Cust_0040,25,79,1935.72,1323.25
2023-09-22,Standing Desk,Furniture,South America,Wholesale,Cust_0001,14,429,5173.07,4924.92
2023-01-30,Desk Mat,Accessories,Asia Pacific,Online,Cust_0034,12,29,315.7,180.96
2022-07-14,Cable Organizer,Accessories,Europe,Retail,Cust_0023,24,15,339.71,126.0
2022-10-23,Standing Desk,Furniture,Europe,Partner,Cust_0005,17,429,8001.54,5980.26
2023-05-11,Desk Lamp,Home,South America,Partner,Cust_0009,15,45,643.15,337.5
2023-11-23,Ergonomic Chair,Furniture,Europe,Retail,Cust_0026,25,249,5326.97,4668.75
2023-02-24,Desk Mat,Accessories,North America,Retail,Cust_0038,5,29,145.2,75.4
2022-11-13,Ergonomic Chair,Furniture,South America,Online,Cust_0017,23,249,6193.03,4295.25
2022-08-28,Monitor 27in,Electronics,North America,Online,Cust_0004,2,299,632.04,358.8
2023-09-09,Webcam HD,Electronics,Middle East,Online,Cust_0017,13,79,1019.11,688.09
2022-12-13,USB-C Dock,Electronics,Asia Pacific,Online,Cust_0027,23,99,2387.43,1593.9
2023-12-24,Desk Lamp,Home,South America,Retail,Cust_0007,20,45,903.13,450.0
2022-11-07,Desk Lamp,Home,South America,Online,Cust_0013,4,45,185.89,90.0
2023-04-05,Power Bank,Accessories,Asia Pacific,Retail,Cust_0027,17,49,781.86,466.48
2022-08-19,Noise-cancelling Mic,Electronics,South America,Retail,Cust_0022,16,149,2194.12,1859.52
2022-07-23,Cable Organizer,Accessories,Middle East,Online,Cust_0032,3,15,40.26,15.75
2022-10-10,Smart Speaker,Electronics,North America,Online,Cust_0017,17,119,2110.6,1254.26
2023-10-20,Desk Lamp,Home,North America,Wholesale,Cust_0007,9,45,443.05,202.5
2022-08-19,Power Bank,Accessories,Asia Pacific,Partner,Cust_0028,10,49,525.07,274.4
2022-10-15,Power Bank,Accessories,North America,Online,Cust_0009,25,49,1285.03,686.0
2022-12-31,Ergonomic Chair,Furniture,Middle East,Wholesale,Cust_0018,12,249,3327.27,2241.0
2022-10-13,Ergonomic Chair,Furniture,North America,Retail,Cust_0026,11,249,2657.04,2054.25
2023-10-20,Desk Lamp,Home,South America,Wholesale,Cust_0011,13,45,517.09,292.5
2022-09-08,Power Bank,Accessories,South America,Online,Cust_0038,6,49,292.47,164.64
2023-10-01,Mechanical Keyboard,Electronics,Asia Pacific,Wholesale,Cust_0040,20,129,2215.3,1677.0
2022-11-20,Webcam HD,Electronics,South America,Online,Cust_0029,16,79,1091.83,846.88
2023-04-03,Cable Organizer,Accessories,Middle East,Online,Cust_0037,11,15,176.08,57.75
2023-02-24,Cable Organizer,Accessories,South America,Online,Cust_0016,11,15,164.11,57.75
2023-08-08,Mechanical Keyboard,Electronics,North America,Online,Cust_0011,18,129,2325.88,1509.3
2023-11-02,Power Bank,Accessories,North America,Retail,Cust_0032,16,49,741.81,439.04
2023-06-13,Desk Lamp,Home,Middle East,Retail,Cust_0025,2,45,87.39,45.0
2023-03-07,Laptop Stand,Accessories,Middle East,Wholesale,Cust_0029,15,39,512.7,245.7
2023-12-02,Webcam HD,Electronics,South America,Online,Cust_0002,11,79,765.41,582.23
2023-09-05,Wireless Headphones,Electronics,North America,Online,Cust_0039,18,89,1824.6,929.16
2023-05-17,Fitness Tracker,Electronics,South America,Retail,Cust_0022,17,139,2266.12,1677.73
2022-09-03,Power Bank,Accessories,Asia Pacific,Wholesale,Cust_0036,8,49,423.45,219.52
2023-11-06,Desk Mat,Accessories,South America,Partner,Cust_0008,22,29,560.95,331.76
2023-02-22,Wireless Headphones,Electronics,Asia Pacific,Partner,Cust_0036,11,89,985.46,567.82
2022-10-26,Wireless Headphones,Electronics,Europe,Wholesale,Cust_0027,6,89,471.04,309.72
2023-01-26,USB-C Dock,Electronics,Europe,Wholesale,Cust_0030,4,99,434.56,277.2
2023-01-21,Desk Mat,Accessories,South America,Online,Cust_0003,11,29,359.83,165.88
2022-11-13,Smart Speaker,Electronics,Middle East,Wholesale,Cust_0033,15,119,1589.35,1106.7
2023-12-02,Wireless Headphones,Electronics,Middle East,Online,Cust_0028,17,89,1666.79,877.54
2023-11-16,Fitness Tracker,Electronics,Middle East,Retail,Cust_0012,17,139,2526.4,1677.73
2022-11-18,Laptop Stand,Accessories,Middle East,Partner,Cust_0025,13,39,494.63,212.94
2023-03-21,Desk Lamp,Home,Asia Pacific,Partner,Cust_0029,13,45,638.49,292.5
2022-11-28,Standing Desk,Furniture,Middle East,Partner,Cust_0021,20,429,9125.36,7035.6
2023-02-17,USB-C Dock,Electronics,Asia Pacific,Partner,Cust_0009,7,99,793.07,485.1
2023-01-08,Noise-cancelling Mic,Electronics,North America,Partner,Cust_0023,18,149,2732.11,2091.96
2023-09-10,Cable Organizer,Accessories,South America,Partner,Cust_0001,24,15,362.45,126.0
2022-08-04,Standing Desk,Furniture,North America,Online,Cust_0013,5,429,1995.05,1758.9
2022-12-21,Desk Lamp,Home,Europe,Partner,Cust_0004,22,45,1046.61,495.0
2023-05-08,USB-C Dock,Electronics,Asia Pacific,Online,Cust_0029,25,99,2179.84,1732.5
2023-02-24,Desk Mat,Accessories,Europe,Wholesale,Cust_0033,21,29,660.94,316.68
2023-04-30,Desk Mat,Accessories,South America,Online,Cust_0025,22,29,622.03,331.76
2023-05-26,Noise-cancelling Mic,Electronics,Asia Pacific,Online,Cust_0013,2,149,308.78,232.44
2023-10-06,Power Bank,Accessories,Middle East,Partner,Cust_0035,8,49,420.04,219.52
2023-01-27,Smart Speaker,Electronics,Asia Pacific,Retail,Cust_0029,24,119,2579.62,1770.72
2022-09-24,Mechanical Keyboard,Electronics,South America,Online,Cust_0003,6,129,757.4,503.1
2023-04-06,Mechanical Keyboard,Electronics,North America,Partner,Cust_0022,6,129,766.18,503.1
2022-12-15,Wireless Headphones,Electronics,Middle East,Partner,Cust_0004,5,89,481.53,258.1
2023-05-14,Webcam HD,Electronics,North America,Partner,Cust_0021,19,79,1512.44,1005.67
2023-01-14,Noise-cancelling Mic,Electronics,South America,Retail,Cust_0035,3,149,451.97,348.66
2022-10-12,Ergonomic Chair,Furniture,Asia Pacific,Retail,Cust_0022,8,249,1908.81,1494.0
2023-02-18,Smart Speaker,Electronics,Middle East,Wholesale,Cust_0001,20,119,2104.91,1475.6
2023-06-29,Webcam HD,Electronics,North America,Retail,Cust_0021,8,79,609.51,423.44
2022-11-03,Standing Desk,Furniture,North America,Partner,Cust_0034,9,429,4234.1,3166.02
2023-07-28,Noise-cancelling Mic,Electronics,South America,Wholesale,Cust_0003,17,149,2378.31,1975.74
2023-01-23,Ergonomic Chair,Furniture,North America,Online,Cust_0011,17,249,4831.92,3174.75
2022-07-17,Cable Organizer,Accessories,Europe,Retail,Cust_0028,3,15,49.53,15.75
2023-02-05,Noise-cancelling Mic,Electronics,North America,Wholesale,Cust_0010,23,149,2937.37,2673.06
2023-06-14,Wireless Headphones,Electronics,North America,Online,Cust_0012,3,89,290.57,154.86
2022-09-20,Monitor 27in,Electronics,South America,Partner,Cust_0025,8,299,2356.93,1435.2
2023-08-28,Standing Desk,Furniture,South America,Online,Cust_0008,11,429,4768.32,3869.58
2022-09-12,Smart Speaker,Electronics,North America,Online,Cust_0023,24,119,3222.75,1770.72
2022-10-26,Desk Lamp,Home,Middle East,Partner,Cust_0006,22,45,925.11,495.0
2023-10-01,Standing Desk,Furniture,South America,Online,Cust_0011,13,429,5632.99,4573.14
2022-11-26,Desk Mat,Accessories,Europe,Partner,Cust_0020,13,29,397.05,196.04
2023-07-27,Wireless Headphones,Electronics,North America,Retail,Cust_0003,18,89,1364.12,929.16
2023-08-17,Noise-cancelling Mic,Electronics,Asia Pacific,Online,Cust_0014,18,149,2881.78,2091.96
2023-06-27,USB-C Dock,Electronics,Europe,Retail,Cust_0012,14,99,1269.9,970.2
2023-03-25,USB-C Dock,Electronics,Middle East,Retail,Cust_0004,4,99,437.74,277.2
2023-10-25,Cable Organizer,Accessories,Asia Pacific,Online,Cust_0005,18,15,249.81,94.5
2023-01-28,Desk Mat,Accessories,Asia Pacific,Wholesale,Cust_0023,19,29,489.54,286.52
2023-03-07,Laptop Stand,Accessories,Europe,Online,Cust_0021,10,39,388.35,163.8
2023-06-11,Monitor 27in,Electronics,Middle East,Partner,Cust_0010,22,299,6707.36,3946.8
2023-07-18,Smart Speaker,Electronics,Europe,Wholesale,Cust_0001,11,119,1235.65,811.58
2023-02-21,Desk Mat,Accessories,Asia Pacific,Wholesale,Cust_0024,24,29,619.64,361.92
2023-06-14,Fitness Tracker,Electronics,South America,Wholesale,Cust_0023,16,139,2407.32,1579.04
2023-11-20,Noise-cancelling Mic,Electronics,Middle East,Retail,Cust_0006,4,149,657.11,464.88
2022-11-30,Fitness Tracker,Electronics,Asia Pacific,Retail,Cust_0005,18,139,2672.71,1776.42
2022-07-29,Power Bank,Accessories,Middle East,Online,Cust_0038,17,49,809.29,466.48
2023-02-12,Fitness Tracker,Electronics,Middle East,Partner,Cust_0035,2,139,275.67,197.38
2022-12-09,Ergonomic Chair,Furniture,Middle East,Retail,Cust_0019,13,249,2881.46,2427.75
2023-12-05,Noise-cancelling Mic,Electronics,Asia Pacific,Wholesale,Cust_0033,3,149,381.37,348.66
2023-03-11,Power Bank,Accessories,Middle East,Retail,Cust_0009,20,49,964.19,548.8
2023-01-09,Monitor 27in,Electronics,South America,Retail,Cust_0023,19,299,4897.74,3408.6
2023-11-21,USB-C Dock,Electronics,Asia Pacific,Partner,Cust_0015,3,99,256.26,207.9
2023-02-06,Noise-cancelling Mic,Electronics,South America,Wholesale,Cust_0030,12,149,1992.66,1394.64
2022-08-19,Cable Organizer,Accessories,Middle East,Online,Cust_0018,11,15,181.58,57.75
2023-04-05,Monitor 27in,Electronics,South America,Retail,Cust_0025,18,299,5164.51,3229.2
2022-09-27,Noise-cancelling Mic,Electronics,Europe,Wholesale,Cust_0034,9,149,1303.12,1045.98
2023-06-28,Webcam HD,Electronics,Middle East,Online,Cust_0009,16,79,1241.21,846.88
2023-03-02,Laptop Stand,Accessories,Europe,Partner,Cust_0010,17,39,600.73,278.46
2023-07-15,Monitor 27in,Electronics,Europe,Online,Cust_0027,23,299,7518.98,4126.2
2022-11-03,Webcam HD,Electronics,South America,Wholesale,Cust_0014,22,79,1785.34,1164.46
2023-09-03,Wireless Headphones,Electronics,Europe,Online,Cust_0037,8,89,731.73,412.96
2022-11-24,Cable Organizer,Accessories,Middle East,Online,Cust_0010,17,15,221.03,89.25
2023-03-31,Fitness Tracker,Electronics,Middle East,Wholesale,Cust_0037,6,139,868.43,592.14
2023-04-26,Laptop Stand,Accessories,Middle East,Wholesale,Cust_0031,7,39,303.08,114.66
2022-12-31,USB-C Dock,Electronics,Middle East,Retail,Cust_0012,14,99,1437.23,970.2
2023-12-15,Desk Lamp,Home,South America,Partner,Cust_0039,6,45,277.34,135.0
2023-03-02,Standing Desk,Furniture,North America,Retail,Cust_0002,13,429,5079.0,4573.14
2023-12-08,Cable Organizer,Accessories,Middle East,Retail,Cust_0007,14,15,189.68,73.5
2022-08-18,Fitness Tracker,Electronics,North America,Online,Cust_0031,18,139,2621.64,1776.42
2022-07-11,Fitness Tracker,Electronics,Middle East,Wholesale,Cust_0027,25,139,3339.87,2467.25
2022-08-23,Desk Mat,Accessories,Europe,Wholesale,Cust_0031,17,29,535.83,256.36
2023-08-04,Ergonomic Chair,Furniture,South America,Online,Cust_0009,19,249,4382.59,3548.25
2023-03-05,Fitness Tracker,Electronics,Middle East,Partner,Cust_0035,3,139,405.57,296.07
2023-01-19,Wireless Headphones,Electronics,Middle East,Online,Cust_0034,23,89,1812.31,1187.26
2022-07-17,Standing Desk,Furniture,Asia Pacific,Retail,Cust_0027,21,429,8636.76,7387.38
2022-12-15,Standing Desk,Furniture,Asia Pacific,Partner,Cust_0035,21,429,8802.41,7387.38
2023-07-19,Monitor 27in,Electronics,Europe,Wholesale,Cust_0027,9,299,2733.06,1614.6
2023-11-16,Mechanical Keyboard,Electronics,Asia Pacific,Wholesale,Cust_0020,12,129,1584.06,1006.2
2023-08-21,Desk Mat,Accessories,Europe,Online,Cust_0029,5,29,157.32,75.4
2022-12-22,Laptop Stand,Accessories,Asia Pacific,Wholesale,Cust_0036,7,39,282.34,114.66
2022-09-01,Mechanical Keyboard,Electronics,North America,Online,Cust_0010,13,129,1662.75,1090.05
2023-09-28,Laptop Stand,Accessories,Europe,Partner,Cust_0024,3,39,102.26,49.14
2022-08-17,Desk Mat,Accessories,Middle East,Wholesale,Cust_0034,13,29,352.85,196.04
2022-09-06,Smart Speaker,Electronics,South America,Wholesale,Cust_0001,6,119,650.11,442.68
2023-12-22,Desk Lamp,Home,Middle East,Online,Cust_0033,7,45,316.49,157.5
2023-03-04,Monitor 27in,Electronics,Asia Pacific,Online,Cust_0016,6,299,1877.43,1076.4
2022-12-18,Laptop Stand,Accessories,Asia Pacific,Wholesale,Cust_0026,9,39,341.04,147.42
2023-01-31,Noise-cancelling Mic,Electronics,North America,Online,Cust_0036,1,149,139.37,116.22
2023-07-01,Ergonomic Chair,Furniture,Middle East,Retail,Cust_0013,9,249,2210.58,1680.75
2023-08-27,Monitor 27in,Electronics,Europe,Partner,Cust_0027,1,299,299.56,179.4
2022-09-22,Noise-cancelling Mic,Electronics,North America,Partner,Cust_0033,10,149,1694.15,1162.2
2023-03-23,Desk Mat,Accessories,Middle East,Wholesale,Cust_0031,15,29,470.23,226.2
2023-06-22,Smart Speaker,Electronics,Middle East,Wholesale,Cust_0002,15,119,1775.35,1106.7
2023-03-31,Laptop Stand,Accessories,Europe,Retail,Cust_0021,13,39,493.68,212.94
2023-07-06,Noise-cancelling Mic,Electronics,Asia Pacific,Online,Cust_0016,18,149,2510.85,2091.96
2023-08-22,Cable Organizer,Accessories,North America,Partner,Cust_0036,24,15,406.59,126.0
2023-11-09,Ergonomic Chair,Furniture,Middle East,Retail,Cust_0018,12,249,2703.65,2241.0
2023-01-20,Webcam HD,Electronics,Europe,Retail,Cust_0016,24,79,2108.02,1270.32
2023-02-06,USB-C Dock,Electronics,Middle East,Retail,Cust_0023,7,99,621.48,485.1
2022-10-27,Laptop Stand,Accessories,Middle East,Wholesale,Cust_0001,3,39,126.27,49.14
2022-08-22,Power Bank,Accessories,Middle East,Partner,Cust_0021,16,49,782.2,439.04
2023-04-17,Webcam HD,Electronics,South America,Partner,Cust_0015,6,79,509.57,317.58
2022-11-18,Wireless Headphones,Electronics,South America,Wholesale,Cust_0035,17,89,1300.83,877.54
2023-06-30,Standing Desk,Furniture,South America,Retail,Cust_0008,22,429,9999.31,7739.16
2023-10-24,Ergonomic Chair,Furniture,North America,Online,Cust_0014,23,249,5519.85,4295.25
2022-10-21,Ergonomic Chair,Furniture,Europe,Partner,Cust_0036,12,249,2775.42,2241.0
2023-04-11,Webcam HD,Electronics,Asia Pacific,Partner,Cust_0012,20,79,1579.42,1058.6
2023-02-10,Standing Desk,Furniture,Asia Pacific,Partner,Cust_0026,23,429,9214.68,8090.94
2023-01-10,Monitor 27in,Electronics,North America,Retail,Cust_0018,5,299,1631.38,897.0
2023-09-25,Power Bank,Accessories,Europe,Retail,Cust_0010,13,49,631.84,356.72
2022-07-19,Mechanical Keyboard,Electronics,Europe,Wholesale,Cust_0034,14,129,1824.41,1173.9
2023-05-29,Smart Speaker,Electronics,Asia Pacific,Partner,Cust_0036,16,119,2108.78,1180.48
2022-08-27,Standing Desk,Furniture,North America,Retail,Cust_0014,4,429,1877.55,1407.12
2023-11-09,Power Bank,Accessories,South America,Online,Cust_0022,21,49,954.84,576.24
2023-07-13,Noise-cancelling Mic,Electronics,Asia Pacific,Partner,Cust_0002,18,149,2611.0,2091.96
2023-07-04,Power Bank,Accessories,Middle East,Retail,Cust_0037,22,49,1126.47,603.68
2023-01-04,Smart Speaker,Electronics,Asia Pacific,Partner,Cust_0033,10,119,1185.54,737.8
2023-10-10,Fitness Tracker,Electronics,Middle East,Wholesale,Cust_0019,3,139,412.47,296.07
2022-12-05,Power Bank,Accessories,South America,Partner,Cust_0040,6,49,300.32,164.64
2022-09-21,Laptop Stand,Accessories,Europe,Partner,Cust_0021,6,39,221.14,98.28
2023-05-04,Desk Mat,Accessories,Asia Pacific,Wholesale,Cust_0029,9,29,283.0,135.72
2023-07-16,Desk Mat,Accessories,South America,Wholesale,Cust_0011,19,29,498.75,286.52
2022-08-02,Mechanical Keyboard,Electronics,Asia Pacific,Retail,Cust_0006,24,129,2827.18,2012.4
2023-08-20,Laptop Stand,Accessories,South America,Online,Cust_0036,4,39,135.12,65.52
2023-08-20,Noise-cancelling Mic,Electronics,North America,Online,Cust_0017,25,149,3856.98,2905.5
2022-10-04,Cable Organizer,Accessories,Europe,Partner,Cust_0016,13,15,208.9,68.25
2023-10-06,Cable Organizer,Accessories,Middle East,Retail,Cust_0011,5,15,64.39,26.25
2023-07-10,Power Bank,Accessories,South America,Wholesale,Cust_0035,11,49,609.32,301.84
2023-10-08,Mechanical Keyboard,Electronics,Middle East,Retail,Cust_0039,23,129,2928.32,1928.55
2023-09-28,Noise-cancelling Mic,Electronics,Asia Pacific,Partner,Cust_0031,21,149,3166.24,2440.62
2022-10-09,Webcam HD,Electronics,South America,Partner,Cust_0017,10,79,708.41,529.3
2022-07-20,Wireless Headphones,Electronics,Asia Pacific,Retail,Cust_0019,17,89,1499.02,877.54
2022-07-18,Desk Mat,Accessories,Asia Pacific,Wholesale,Cust_0001,16,29,501.01,241.28
2023-05-05,Monitor 27in,Electronics,Middle East,Online,Cust_0024,8,299,2168.52,1435.2
2023-09-30,Standing Desk,Furniture,South America,Retail,Cust_0025,8,429,3144.32,2814.24
2022-09-29,Standing Desk,Furniture,Middle East,Retail,Cust_0040,21,429,9840.28,7387.38
2023-04-14,Desk Lamp,Home,South America,Partner,Cust_0013,21,45,1045.21,472.5
2023-01-12,Mechanical Keyboard,Electronics,South America,Online,Cust_0040,10,129,1271.72,838.5
2023-11-25,USB-C Dock,Electronics,Europe,Online,Cust_0004,11,99,1242.46,762.3
2022-08-01,Mechanical Keyboard,Electronics,Asia Pacific,Partner,Cust_0009,4,129,549.31,335.4
2022-07-18,USB-C Dock,Electronics,North America,Retail,Cust_0032,3,99,271.8,207.9
2023-09-13,Desk Lamp,Home,South America,Partner,Cust_0003,16,45,683.33,360.0
2022-12-06,Wireless Headphones,Electronics,North America,Wholesale,Cust_0035,9,89,793.83,464.58
2023-01-22,Fitness Tracker,Electronics,North America,Wholesale,Cust_0008,9,139,1429.12,888.21
2023-03-21,Standing Desk,Furniture,Europe,Wholesale,Cust_0003,25,429,9757.11,8794.5
2022-10-14,Noise-cancelling Mic,Electronics,South America,Retail,Cust_0025,22,149,3456.43,2556.84
2023-05-25,Fitness Tracker,Electronics,North America,Retail,Cust_0036,11,139,1538.6,1085.59
2023-03-26,Webcam HD,Electronics,Europe,Partner,Cust_0024,21,79,1851.87,1111.53
2023-02-18,Laptop Stand,Accessories,Asia Pacific,Wholesale,Cust_0001,8,39,280.86,131.04
2023-04-18,Monitor 27in,Electronics,Europe,Wholesale,Cust_0001,4,299,1364.22,717.6
2023-11-08,Desk Mat,Accessories,Asia Pacific,Retail,Cust_0006,20,29,536.28,301.6
2023-12-03,Laptop Stand,Accessories,North America,Partner,Cust_0004,22,39,820.81,360.36
2022-12-14,Desk Mat,Accessories,Europe,Online,Cust_0032,18,29,480.14,271.44
2023-06-30,Smart Speaker,Electronics,North America,Retail,Cust_0025,15,119,1709.05,1106.7
2022-11-24,Desk Lamp,Home,South America,Wholesale,Cust_0036,2,45,84.46,45.0
2023-11-23,USB-C Dock,Electronics,Middle East,Retail,Cust_0023,19,99,1781.5,1316.7
2023-11-01,Desk Lamp,Home,North America,Retail,Cust_0034,20,45,806.86,450.0
2023-05-08,Power Bank,Accessories,South America,Partner,Cust_0001,9,49,477.5,246.96
2023-12-10,Standing Desk,Furniture,North America,Retail,Cust_0040,24,429,11398.17,8442.72
2023-03-11,Ergonomic Chair,Furniture,Middle East,Online,Cust_0025,24,249,5420.0,4482.0
2023-12-01,Smart Speaker,Electronics,Middle East,Retail,Cust_0019,18,119,2028.0,1328.04
2023-06-04,Laptop Stand,Accessories,North America,Online,Cust_0009,4,39,140.96,65.52
2022-08-11,USB-C Dock,Electronics,Europe,Wholesale,Cust_0007,4,99,340.38,277.2
2023-08-11,Cable Organizer,Accessories,North America,Partner,Cust_0024,16,15,219.89,84.0
2022-09-20,Wireless Headphones,Electronics,North America,Wholesale,Cust_0030,7,89,679.26,361.34
2022-09-10,Ergonomic Chair,Furniture,Asia Pacific,Wholesale,Cust_0004,18,249,4917.17,3361.5
2023-04-08,Noise-cancelling Mic,Electronics,Asia Pacific,Online,Cust_0005,2,149,337.75,232.44
2023-12-23,Laptop Stand,Accessories,Middle East,Retail,Cust_0025,4,39,141.47,65.52
2023-12-30,Cable Organizer,Accessories,Middle East,Retail,Cust_0036,8,15,116.95,42.0
2022-10-26,Smart Speaker,Electronics,South America,Partner,Cust_0028,21,119,2786.0,1549.38
2022-12-27,Smart Speaker,Electronics,Middle East,Wholesale,Cust_0022,6,119,747.74,442.68
2023-10-06,Fitness Tracker,Electronics,Middle East,Partner,Cust_0021,12,139,1840.56,1184.28
2023-09-05,Smart Speaker,Electronics,Asia Pacific,Wholesale,Cust_0039,21,119,2304.62,1549.38
2023-02-14,Standing Desk,Furniture,Asia Pacific,Partner,Cust_0029,25,429,10556.08,8794.5
2023-08-20,Wireless Headphones,Electronics,Asia Pacific,Online,Cust_0039,24,89,1826.05,1238.88
2022-11-25,Fitness Tracker,Electronics,Asia Pacific,Online,Cust_0015,10,139,1271.08,986.9
2023-05-28,Wireless Headphones,Electronics,Middle East,Partner,Cust_0033,25,89,2262.6,1290.5
2022-12-15,Laptop Stand,Accessories,Asia Pacific,Wholesale,Cust_0010,2,39,69.54,32.76
2023-07-20,Fitness Tracker,Electronics,Europe,Retail,Cust_0017,19,139,2887.46,1875.11
2022-10-12,Monitor 27in,Electronics,North America,Retail,Cust_0021,13,299,4228.56,2332.2
2023-01-03,Webcam HD,Electronics,Middle East,Online,Cust_0020,23,79,1564.82,1217.39
2023-08-04,Laptop Stand,Accessories,Asia Pacific,Online,Cust_0023,25,39,1086.09,409.5
2023-09-27,Standing Desk,Furniture,Middle East,Retail,Cust_0001,4,429,1784.93,1407.12
2023-08-05,Wireless Headphones,Electronics,Asia Pacific,Online,Cust_0035,10,89,907.33,516.2
2023-06-09,Noise-cancelling Mic,Electronics,Europe,Retail,Cust_0004,23,149,3605.51,2673.06
2023-08-16,Webcam HD,Electronics,Europe,Online,Cust_0028,25,79,1850.45,1323.25
2023-08-17,Mechanical Keyboard,Electronics,North America,Partner,Cust_0031,5,129,658.82,419.25
2022-08-29,Noise-cancelling Mic,Electronics,North America,Partner,Cust_0026,13,149,1938.06,1510.86
2022-11-20,Smart Speaker,Electronics,Middle East,Wholesale,Cust_0013,5,119,592.83,368.9
2023-01-26,Noise-cancelling Mic,Electronics,Europe,Retail,Cust_0005,20,149,2771.03,2324.4
2023-09-23,Ergonomic Chair,Furniture,North America,Online,Cust_0027,22,249,5352.35,4108.5
2023-07-01,USB-C Dock,Electronics,Middle East,Partner,Cust_0002,11,99,1177.1,762.3
2022-12-30,Ergonomic Chair,Furniture,Middle East,Wholesale,Cust_0010,20,249,4891.05,3735.0
2023-03-06,USB-C Dock,Electronics,Europe,Partner,Cust_0006,22,99,1924.72,1524.6
2022-09-03,USB-C Dock,Electronics,Asia Pacific,Retail,Cust_0001,20,99,1886.9,1386.0
2022-10-31,Desk Lamp,Home,North America,Wholesale,Cust_0022,15,45,616.07,337.5
2023-02-11,USB-C Dock,Electronics,Middle East,Partner,Cust_0031,18,99,1847.78,1247.4
2022-12-01,Desk Mat,Accessories,South America,Online,Cust_0038,23,29,748.25,346.84
2023-12-31,Wireless Headphones,Electronics,North America,Retail,Cust_0019,9,89,729.08,464.58
2023-04-13,Wireless Headphones,Electronics,North America,Online,Cust_0025,15,89,1399.23,774.3
2023-07-13,Power Bank,Accessories,Asia Pacific,Online,Cust_0025,4,49,180.19,109.76
2023-08-03,Noise-cancelling Mic,Electronics,Asia Pacific,Online,Cust_0032,23,149,3804.08,2673.06
2022-10-08,Mechanical Keyboard,Electronics,Middle East,Wholesale,Cust_0002,7,129,778.32,586.95
2023-05-18,Ergonomic Chair,Furniture,Europe,Wholesale,Cust_0002,16,249,3800.87,2988.0
2023-07-05,Ergonomic Chair,Furniture,Europe,Partner,Cust_0033,21,249,4877.42,3921.75
2022-09-11,Cable Organizer,Accessories,North America,Wholesale,Cust_0036,9,15,153.19,47.25
2023-02-25,Mechanical Keyboard,Electronics,Europe,Wholesale,Cust_0006,11,129,1516.86,922.35
2023-12-25,Cable Organizer,Accessories,South America,Retail,Cust_0016,20,15,306.56,105.0
2023-09-19,Desk Lamp,Home,South America,Partner,Cust_0035,20,45,800.58,450.0
2022-11-28,Monitor 27in,Electronics,Europe,Retail,Cust_0020,18,299,5686.4,3229.2
2023-12-28,Fitness Tracker,Electronics,Europe,Wholesale,Cust_0037,5,139,781.97,493.45
2023-05-31,Laptop Stand,Accessories,Europe,Online,Cust_0021,18,39,773.5,294.84
2022-12-06,Desk Mat,Accessories,South America,Partner,Cust_0027,1,29,27.29,15.08
2023-04-16,Mechanical Keyboard,Electronics,North America,Retail,Cust_0009,25,129,2919.99,2096.25
2023-04-09,Monitor 27in,Electronics,Middle East,Retail,Cust_0015,19,299,5222.39,3408.6
2022-08-05,Ergonomic Chair,Furniture,Europe,Wholesale,Cust_0033,3,249,824.57,560.25
2023-11-02,Desk Mat,Accessories,Europe,Partner,Cust_0025,21,29,607.44,316.68
2022-11-27,Mechanical Keyboard,Electronics,North America,Retail,Cust_0027,7,129,974.66,586.95
2022-07-25,Fitness Tracker,Electronics,Europe,Wholesale,Cust_0013,9,139,1347.74,888.21
2022-09-15,Mechanical Keyboard,Electronics,Asia Pacific,Wholesale,Cust_0030,15,129,2159.99,1257.75
2023-09-20,Standing Desk,Furniture,Middle East,Online,Cust_0025,25,429,11433.5,8794.5
2023-08-17,Monitor 27in,Electronics,Middle East,Online,Cust_0007,24,299,7071.83,4305.6
2022-08-22,Fitness Tracker,Electronics,North America,Wholesale,Cust_0036,8,139,1074.44,789.52
2022-08-29,USB-C Dock,Electronics,South America,Wholesale,Cust_0020,10,99,1071.28,693.0
2023-04-28,Webcam HD,Electronics,Asia Pacific,Wholesale,Cust_0040,6,79,533.59,317.58
2023-12-21,Fitness Tracker,Electronics,South America,Wholesale,Cust_0006,5,139,741.42,493.45
2022-11-02,Mechanical Keyboard,Electronics,South America,Retail,Cust_0027,25,129,3054.2,2096.25
2022-08-04,Mechanical Keyboard,Electronics,South America,Retail,Cust_0006,15,129,1789.92,1257.75
2022-12-24,Desk Mat,Accessories,North America,Online,Cust_0008,24,29,739.06,361.92
2023-07-16,Laptop Stand,Accessories,Middle East,Wholesale,Cust_0040,17,39,752.46,278.46
2023-08-01,Noise-cancelling Mic,Electronics,Europe,Online,Cust_0022,13,149,1975.06,1510.86
2022-12-10,Mechanical Keyboard,Electronics,North America,Retail,Cust_0027,5,129,607.86,419.25
2023-10-09,Desk Lamp,Home,North America,Retail,Cust_0009,21,45,1075.53,472.5
2022-07-13,Monitor 27in,Electronics,North America,Partner,Cust_0030,25,299,7469.68,4485.0
2023-12-02,Noise-cancelling Mic,Electronics,Europe,Wholesale,Cust_0014,1,149,152.97,116.22
2023-11-09,Webcam HD,Electronics,North America,Wholesale,Cust_0039,14,79,1139.21,741.02
2023-03-17,Fitness Tracker,Electronics,Middle East,Partner,Cust_0036,18,139,2742.28,1776.42
2023-02-07,Wireless Headphones,Electronics,North America,Retail,Cust_0023,6,89,459.78,309.72
2022-08-12,Cable Organizer,Accessories,Asia Pacific,Partner,Cust_0006,19,15,246.44,99.75
2023-09-09,Mechanical Keyboard,Electronics,Middle East,Partner,Cust_0039,6,129,790.78,503.1
2023-01-07,Webcam HD,Electronics,North America,Partner,Cust_0006,24,79,2048.73,1270.32
2023-06-05,Ergonomic Chair,Furniture,South America,Online,Cust_0036,13,249,2814.5,2427.75
2023-11-04,Mechanical Keyboard,Electronics,Asia Pacific,Partner,Cust_0034,4,129,502.65,335.4
2023-02-09,Desk Mat,Accessories,North America,Online,Cust_0037,7,29,216.99,105.56
2022-10-07,Webcam HD,Electronics,South America,Partner,Cust_0039,24,79,2093.83,1270.32
2023-04-01,Noise-cancelling Mic,Electronics,Europe,Partner,Cust_0040,19,149,2884.2,2208.18
2023-12-24,Desk Mat,Accessories,South America,Wholesale,Cust_0012,21,29,679.1,316.68
2023-03-05,Desk Mat,Accessories,North America,Retail,Cust_0008,10,29,248.59,150.8
2022-11-07,Desk Mat,Accessories,South America,Wholesale,Cust_0003,7,29,192.88,105.56
2023-02-12,Wireless Headphones,Electronics,Asia Pacific,Retail,Cust_0017,21,89,2031.71,1084.02
2023-05-21,Desk Lamp,Home,North America,Partner,Cust_0008,17,45,807.65,382.5
2023-06-24,Standing Desk,Furniture,Europe,Online,Cust_0013,24,429,9772.49,8442.72
2023-06-21,Fitness Tracker,Electronics,South America,Wholesale,Cust_0003,22,139,3191.62,2171.18
2023-11-15,Mechanical Keyboard,Electronics,Middle East,Wholesale,Cust_0022,21,129,2678.5,1760.85
2023-09-06,Fitness Tracker,Electronics,Middle East,Online,Cust_0020,24,139,3400.99,2368.56
2023-05-29,Noise-cancelling Mic,Electronics,Europe,Online,Cust_0037,18,149,2831.25,2091.96
2023-07-07,Laptop Stand,Accessories,North America,Partner,Cust_0022,5,39,223.29,81.9
2022-12-26,Monitor 27in,Electronics,Europe,Wholesale,Cust_0039,20,299,5292.62,3588.0
2023-05-21,Desk Mat,Accessories,Asia Pacific,Online,Cust_0027,11,29,279.46,165.88
2023-03-10,Ergonomic Chair,Furniture,Europe,Partner,Cust_0034,15,249,3513.5,2801.25
2022-11-01,Ergonomic Chair,Furniture,North America,Retail,Cust_0029,2,249,498.9,373.5
2023-11-16,Fitness Tracker,Electronics,Europe,Retail,Cust_0022,17,139,2663.32,1677.73
2023-12-28,Desk Lamp,Home,Europe,Partner,Cust_0007,25,45,1233.72,562.5
2023-12-20,Cable Organizer,Accessories,North America,Retail,Cust_0030,5,15,72.47,26.25
2023-12-26,Laptop Stand,Accessories,North America,Partner,Cust_0039,1,39,43.35,16.38
2023-06-16,Webcam HD,Electronics,Middle East,Online,Cust_0020,2,79,135.37,105.86
2023-05-25,Cable Organizer,Accessories,Europe,Partner,Cust_0013,7,15,98.28,36.75
2023-06-01,Smart Speaker,Electronics,Asia Pacific,Online,Cust_0010,15,119,1601.59,1106.7
2022-11-04,Wireless Headphones,Electronics,Europe,Online,Cust_0035,20,89,1700.07,1032.4
2023-06-01,Desk Lamp,Home,Middle East,Partner,Cust_0016,5,45,202.81,112.5
2023-05-24,Monitor 27in,Electronics,North America,Wholesale,Cust_0009,11,299,2824.26,1973.4
2022-08-30,Laptop Stand,Accessories,North America,Online,Cust_0028,13,39,490.56,212.94
2023-10-09,Monitor 27in,Electronics,Asia Pacific,Partner,Cust_0013,12,299,3817.16,2152.8
2022-09-28,Fitness Tracker,Electronics,Middle East,Wholesale,Cust_0009,25,139,3050.62,2467.25
2023-11-01,Laptop Stand,Accessories,South America,Partner,Cust_0031,15,39,537.91,245.7
2023-02-24,Mechanical Keyboard,Electronics,Asia Pacific,Partner,Cust_0026,20,129,2334.92,1677.0
2023-06-13,Smart Speaker,Electronics,South America,Wholesale,Cust_0002,11,119,1138.32,811.58
2022-11-02,Ergonomic Chair,Furniture,Europe,Wholesale,Cust_0019,16,249,4304.24,2988.0
2022-11-17,Noise-cancelling Mic,Electronics,North America,Wholesale,Cust_0021,4,149,606.04,464.88
2022-09-20,Smart Speaker,Electronics,South America,Wholesale,Cust_0038,10,119,1159.1,737.8
2023-03-16,Noise-cancelling Mic,Electronics,South America,Wholesale,Cust_0005,6,149,851.28,697.32
2023-09-24,Smart Speaker,Electronics,Middle East,Partner,Cust_0016,14,119,1502.61,1032.92
2022-09-27,Desk Mat,Accessories,North America,Wholesale,Cust_0038,23,29,686.22,346.84
2023-06-08,Noise-cancelling Mic,Electronics,Europe,Wholesale,Cust_0020,4,149,677.51,464.88
2022-09-19,Monitor 27in,Electronics,Asia Pacific,Wholesale,Cust_0032,4,299,1248.02,717.6
2022-09-10,Laptop Stand,Accessories,Middle East,Retail,Cust_0001,7,39,294.05,114.66
2022-12-09,Webcam HD,Electronics,South America,Partner,Cust_0040,18,79,1455.25,952.74
2023-01-26,USB-C Dock,Electronics,Asia Pacific,Partner,Cust_0037,22,99,2370.33,1524.6
2023-05-17,Fitness Tracker,Electronics,North America,Partner,Cust_0038,14,139,1658.84,1381.66
2023-12-14,Standing Desk,Furniture,North America,Partner,Cust_0024,5,429,2403.09,1758.9
2022-09-02,Wireless Headphones,Electronics,North America,Partner,Cust_0019,23,89,2271.56,1187.26
2023-03-07,Standing Desk,Furniture,Asia Pacific,Wholesale,Cust_0025,23,429,9588.85,8090.94
2023-09-28,Noise-cancelling Mic,Electronics,South America,Retail,Cust_0009,7,149,945.45,813.54
2023-08-07,Power Bank,Accessories,Europe,Wholesale,Cust_0019,12,49,675.75,329.28
2022-11-15,Mechanical Keyboard,Electronics,North America,Online,Cust_0010,1,129,137.57,83.85
2023-11-20,Cable Organizer,Accessories,North America,Retail,Cust_0009,14,15,218.96,73.5
2023-09-08,Power Bank,Accessories,Middle East,Wholesale,Cust_0012,15,49,724.94,411.6
2023-09-17,Noise-cancelling Mic,Electronics,Asia Pacific,Wholesale,Cust_0015,15,149,2024.32,1743.3
2022-07-17,Monitor 27in,Electronics,Middle East,Retail,Cust_0018,16,299,4656.03,2870.4
2023-07-20,Wireless Headphones,Electronics,Asia Pacific,Wholesale,Cust_0008,2,89,182.29,103.24
2022-09-29,Mechanical Keyboard,Electronics,South America,Partner,Cust_0034,24,129,2704.26,2012.4
2022-10-08,USB-C Dock,Electronics,Middle East,Online,Cust_0038,16,99,1494.9,1108.8
2022-09-02,Fitness Tracker,Electronics,South America,Online,Cust_0030,11,139,1534.81,1085.59
2023-11-02,Monitor 27in,Electronics,South America,Partner,Cust_0023,24,299,8167.54,4305.6
2023-05-07,Desk Lamp,Home,Middle East,Online,Cust_0020,6,45,288.38,135.0
2023-04-02,Wireless Headphones,Electronics,Middle East,Wholesale,Cust_0011,21,89,1909.85,1084.02
2023-05-04,Smart Speaker,Electronics,Asia Pacific,Online,Cust_0032,24,119,2498.29,1770.72
2023-12-09,Laptop Stand,Accessories,Europe,Partner,Cust_0040,9,39,327.94,147.42
2023-03-30,Wireless Headphones,Electronics,Middle East,Online,Cust_0012,24,89,2398.81,1238.88
2022-12-11,Cable Organizer,Accessories,Europe,Partner,Cust_0017,15,15,244.07,78.75
2023-03-08,Webcam HD,Electronics,Asia Pacific,Online,Cust_0006,6,79,540.46,317.58
2022-12-14,Power Bank,Accessories,South America,Wholesale,Cust_0016,16,49,821.79,439.04
2022-12-28,USB-C Dock,Electronics,North America,Partner,Cust_0017,19,99,2025.17,1316.7
2022-11-05,Wireless Headphones,Electronics,South America,Wholesale,Cust_0031,6,89,502.18,309.72
2023-03-06,Standing Desk,Furniture,South America,Wholesale,Cust_0017,22,429,8433.28,7739.16
2023-09-28,Wireless Headphones,Electronics,South America,Wholesale,Cust_0021,10,89,1013.29,516.2
2022-08-21,Laptop Stand,Accessories,South America,Partner,Cust_0040,18,39,790.04,294.84
2023-04-15,Ergonomic Chair,Furniture,North America,Partner,Cust_0017,9,249,2344.76,1680.75
2023-08-14,Webcam HD,Electronics,Middle East,Retail,Cust_0013,25,79,1986.82,1323.25
2023-01-10,Ergonomic Chair,Furniture,North America,Online,Cust_0005,18,249,3825.78,3361.5
2022-10-18,Noise-cancelling Mic,Electronics,Asia Pacific,Wholesale,Cust_0015,4,149,636.27,464.88
2023-03-24,USB-C Dock,Electronics,Middle East,Online,Cust_0006,2,99,171.68,138.6
2023-02-17,Monitor 27in,Electronics,North America,Online,Cust_0006,21,299,6950.43,3767.4
2022-11-20,Standing Desk,Furniture,North America,Retail,Cust_0012,22,429,8739.59,7739.16
2023-10-31,Cable Organizer,Accessories,Asia Pacific,Wholesale,Cust_0028,3,15,47.59,15.75
2023-06-06,Desk Lamp,Home,Asia Pacific,Online,Cust_0004,6,45,260.51,135.0
2023-06-15,Wireless Headphones,Electronics,Europe,Partner,Cust_0029,9,89,697.53,464.58
2023-01-31,Monitor 27in,Electronics,South America,Retail,Cust_0007,13,299,3471.72,2332.2
2023-09-24,USB-C Dock,Electronics,South America,Online,Cust_0017,20,99,1744.35,1386.0
2022-09-22,Laptop Stand,Accessories,South America,Partner,Cust_0002,19,39,829.14,311.22
2022-12-09,Cable Organizer,Accessories,North America,Online,Cust_0025,21,15,292.93,110.25
2023-06-12,Fitness Tracker,Electronics,Middle East,Online,Cust_0032,13,139,1795.15,1282.97
2023-08-27,Power Bank,Accessories,Middle East,Online,Cust_0015,24,49,1000.77,658.56
2023-11-15,Laptop Stand,Accessories,Asia Pacific,Partner,Cust_0020,19,39,718.91,311.22
2022-10-10,Ergonomic Chair,Furniture,North America,Partner,Cust_0030,18,249,4832.21,3361.5
2023-05-02,Cable Organizer,Accessories,Middle East,Retail,Cust_0003,7,15,119.73,36.75
2023-01-21,Desk Lamp,Home,North America,Wholesale,Cust_0023,23,45,1030.81,517.5
2023-10-01,Desk Mat,Accessories,North America,Retail,Cust_0013,7,29,174.09,105.56
2023-03-11,Webcam HD,Electronics,Middle East,Online,Cust_0020,13,79,1026.9,688.09
2023-10-13,Wireless Headphones,Electronics,North America,Partner,Cust_0022,2,89,193.37,103.24
2022-08-22,Standing Desk,Furniture,Middle East,Retail,Cust_0030,4,429,1942.56,1407.12
2022-12-09,Desk Mat,Accessories,North America,Retail,Cust_0003,19,29,589.92,286.52
2023-11-22,Cable Organizer,Accessories,Middle East,Wholesale,Cust_0003,1,15,13.84,5.25
2022-11-20,Wireless Headphones,Electronics,Asia Pacific,Online,Cust_0007,6,89,526.98,309.72
2022-12-31,Power Bank,Accessories,North America,Online,Cust_0008,19,49,930.2,521.36
2023-02-20,Laptop Stand,Accessories,Asia Pacific,Wholesale,Cust_0026,7,39,258.6,114.66
2022-11-27,Ergonomic Chair,Furniture,Middle East,Online,Cust_0012,7,249,1656.98,1307.25
2022-11-10,Desk Lamp,Home,Europe,Wholesale,Cust_0024,5,45,228.61,112.5
2023-10-02,USB-C Dock,Electronics,Europe,Online,Cust_0007,19,99,2045.24,1316.7
2023-07-30,Smart Speaker,Electronics,South America,Online,Cust_0006,6,119,608.26,442.68
2023-01-09,Fitness Tracker,Electronics,South America,Partner,Cust_0031,3,139,441.06,296.07
2023-02-06,Mechanical Keyboard,Electronics,Middle East,Partner,Cust_0029,21,129,2637.51,1760.85
2023-01-04,Monitor 27in,Electronics,Middle East,Online,Cust_0012,23,299,7325.1,4126.2
2022-10-08,Cable Organizer,Accessories,South America,Partner,Cust_0001,10,15,152.6,52.5
2023-01-22,Laptop Stand,Accessories,Middle East,Online,Cust_0024,17,39,735.15,278.46
2023-12-11,USB-C Dock,Electronics,Asia Pacific,Retail,Cust_0004,15,99,1348.55,1039.5
2022-12-09,Cable Organizer,Accessories,Europe,Wholesale,Cust_0011,16,15,252.25,84.0
2022-08-23,Wireless Headphones,Electronics,Asia Pacific,Partner,Cust_0014,21,89,1832.37,1084.02
2023-06-17,Monitor 27in,Electronics,North America,Wholesale,Cust_0007,25,299,8014.13,4485.0
2023-01-06,Mechanical Keyboard,Electronics,Middle East,Wholesale,Cust_0008,1,129,112.39,83.85
2023-03-07,Desk Mat,Accessories,South America,Partner,Cust_0013,15,29,467.24,226.2
2023-06-08,USB-C Dock,Electronics,Asia Pacific,Online,Cust_0015,25,99,2176.56,1732.5
2023-09-05,Power Bank,Accessories,Europe,Wholesale,Cust_0005,7,49,340.01,192.08
2023-11-18,Wireless Headphones,Electronics,Europe,Retail,Cust_0040,14,89,1229.18,722.68
2023-08-10,Ergonomic Chair,Furniture,Europe,Wholesale,Cust_0023,5,249,1422.62,933.75
2023-02-02,Ergonomic Chair,Furniture,Middle East,Online,Cust_0004,5,249,1163.06,933.75
2022-10-31,Power Bank,Accessories,South America,Wholesale,Cust_0011,15,49,792.4,411.6
2023-02-20,Fitness Tracker,Electronics,Middle East,Retail,Cust_0011,10,139,1422.58,986.9
2023-03-02,Laptop Stand,Accessories,Europe,Wholesale,Cust_0038,14,39,541.66,229.32
2023-10-26,Desk Lamp,Home,Europe,Wholesale,Cust_0016,1,45,42.67,22.5
2023-02-22,Fitness Tracker,Electronics,Middle East,Retail,Cust_0001,19,139,2575.85,1875.11
2022-08-24,Wireless Headphones,Electronics,South America,Online,Cust_0034,16,89,1378.85,825.92
2022-10-18,Webcam HD,Electronics,North America,Retail,Cust_0036,16,79,1359.97,846.88
2023-08-30,USB-C Dock,Electronics,Asia Pacific,Partner,Cust_0016,5,99,516.92,346.5
2022-10-10,Wireless Headphones,Electronics,Europe,Partner,Cust_0030,16,89,1576.9,825.92
2022-08-03,Webcam HD,Electronics,South America,Retail,Cust_0012,15,79,1288.04,793.95
2023-07-24,Cable Organizer,Accessories,North America,Online,Cust_0025,15,15,251.56,78.75
2023-06-15,Noise-cancelling Mic,Electronics,South America,Partner,Cust_0018,2,149,315.71,232.44
2023-02-07,Smart Speaker,Electronics,Middle East,Online,Cust_0022,22,119,2803.17,1623.16
2022-09-04,Noise-cancelling Mic,Electronics,North America,Partner,Cust_0008,22,149,3162.9,2556.84
2023-10-29,Monitor 27in,Electronics,Asia Pacific,Partner,Cust_0012,2,299,624.58,358.8
2022-09-16,Noise-cancelling Mic,Electronics,Europe,Retail,Cust_0022,23,149,3158.29,2673.06
2022-11-03,Cable Organizer,Accessories,Europe,Retail,Cust_0021,16,15,229.4,84.0
2023-04-09,Noise-cancelling Mic,Electronics,Asia Pacific,Wholesale,Cust_0004,22,149,2848.62,2556.84
2023-06-28,Webcam HD,Electronics,South America,Online,Cust_0035,16,79,1331.61,846.88
2023-05-05,Webcam HD,Electronics,North America,Partner,Cust_0013,20,79,1765.76,1058.6
2023-10-21,Laptop Stand,Accessories,Europe,Wholesale,Cust_0019,3,39,133.08,49.14
2022-09-26,Laptop Stand,Accessories,North America,Partner,Cust_0010,6,39,233.74,98.28
2023-02-04,Noise-cancelling Mic,Electronics,Asia Pacific,Online,Cust_0027,21,149,3569.79,2440.62
2022-11-22,Webcam HD,Electronics,South America,Wholesale,Cust_0002,12,79,888.71,635.16
2022-09-12,Wireless Headphones,Electronics,South America,Partner,Cust_0038,8,89,678.42,412.96
2023-06-09,Webcam HD,Electronics,South America,Wholesale,Cust_0020,19,79,1531.28,1005.67
2023-05-19,Mechanical Keyboard,Electronics,South America,Retail,Cust_0024,9,129,1324.95,754.65
2022-08-27,Mechanical Keyboard,Electronics,South America,Partner,Cust_0011,12,129,1603.09,1006.2
2022-12-21,Desk Mat,Accessories,Europe,Partner,Cust_0012,18,29,575.14,271.44
2022-12-14,Mechanical Keyboard,Electronics,North America,Online,Cust_0021,8,129,1055.07,670.8
2023-10-04,Desk Lamp,Home,Europe,Retail,Cust_0036,12,45,573.56,270.0
2023-05-30,Ergonomic Chair,Furniture,South America,Partner,Cust_0035,5,249,1422.59,933.75
2023-05-14,Laptop Stand,Accessories,South America,Wholesale,Cust_0010,1,39,44.24,16.38
2023-06-02,Mechanical Keyboard,Electronics,Asia Pacific,Partner,Cust_0031,1,129,144.32,83.85
2022-12-07,Smart Speaker,Electronics,Asia Pacific,Wholesale,Cust_0008,19,119,2418.12,1401.82
2022-08-20,Mechanical Keyboard,Electronics,Asia Pacific,Online,Cust_0002,22,129,2754.25,1844.7
2023-02-20,Webcam HD,Electronics,Asia Pacific,Online,Cust_0004,12,79,978.76,635.16
2023-01-25,Monitor 27in,Electronics,Asia Pacific,Retail,Cust_0013,17,299,4354.93,3049.8
2023-10-09,Cable Organizer,Accessories,Middle East,Online,Cust_0026,22,15,299.75,115.5
2023-05-31,Monitor 27in,Electronics,Asia Pacific,Online,Cust_0026,20,299,5348.42,3588.0
2023-09-20,Ergonomic Chair,Furniture,North America,Partner,Cust_0019,13,249,3086.4,2427.75
2023-05-21,Webcam HD,Electronics,Europe,Online,Cust_0029,18,79,1525.04,952.74
2023-09-08,Smart Speaker,Electronics,Europe,Partner,Cust_0028,15,119,1907.42,1106.7
2023-09-07,Mechanical Keyboard,Electronics,Europe,Online,Cust_0014,19,129,2306.32,1593.15
2023-12-29,Ergonomic Chair,Furniture,North America,Wholesale,Cust_0001,3,249,726.71,560.25
2023-04-15,Standing Desk,Furniture,Middle East,Wholesale,Cust_0009,6,429,2341.77,2110.68
2023-08-04,Desk Lamp,Home,North America,Wholesale,Cust_0020,18,45,891.3,405.0
2023-05-17,Webcam HD,Electronics,Europe,Wholesale,Cust_0002,18,79,1546.23,952.74
2022-12-14,Desk Lamp,Home,North America,Wholesale,Cust_0019,10,45,438.82,225.0
2023-11-25,Fitness Tracker,Electronics,North America,Retail,Cust_0008,23,139,3450.89,2269.87
2023-11-26,Laptop Stand,Accessories,Middle East,Partner,Cust_0031,20,39,795.34,327.6
2023-03-31,Cable Organizer,Accessories,North America,Wholesale,Cust_0024,22,15,331.24,115.5
2022-07-27,Power Bank,Accessories,Middle East,Retail,Cust_0004,9,49,394.18,246.96
2023-10-25,Fitness Tracker,Electronics,Asia Pacific,Retail,Cust_0011,23,139,2768.18,2269.87
2023-07-14,Standing Desk,Furniture,North America,Partner,Cust_0019,21,429,8445.93,7387.38
2022-09-26,Noise-cancelling Mic,Electronics,North America,Retail,Cust_0039,7,149,1122.05,813.54
2023-06-05,Power Bank,Accessories,Asia Pacific,Partner,Cust_0024,11,49,473.65,301.84
2023-07-05,Power Bank,Accessories,Europe,Online,Cust_0034,5,49,228.93,137.2
2023-11-18,Standing Desk,Furniture,North America,Retail,Cust_0014,11,429,4229.95,3869.58
2023-02-21,Power Bank,Accessories,South America,Online,Cust_0030,7,49,385.81,192.08
2022-11-06,Power Bank,Accessories,South America,Online,Cust_0023,5,49,231.15,137.2
2023-07-16,Mechanical Keyboard,Electronics,Europe,Partner,Cust_0020,15,129,1661.44,1257.75
2022-11-08,USB-C Dock,Electronics,Europe,Retail,Cust_0020,5,99,439.36,346.5
2022-11-20,Laptop Stand,Accessories,North America,Online,Cust_0002,14,39,590.99,229.32
2023-09-24,Wireless Headphones,Electronics,North America,Online,Cust_0033,7,89,640.41,361.34
2023-11-02,Laptop Stand,Accessories,North America,Online,Cust_0020,9,39,368.65,147.42
2022-10-16,Smart Speaker,Electronics,Middle East,Retail,Cust_0013,4,119,430.99,295.12
2023-07-04,Wireless Headphones,Electronics,Asia Pacific,Retail,Cust_0038,3,89,254.81,154.86
2022-12-21,Power Bank,Accessories,Middle East,Retail,Cust_0037,17,49,725.13,466.48
2022-07-24,Noise-cancelling Mic,Electronics,Asia Pacific,Retail,Cust_0011,7,149,1168.68,813.54
2022-07-14,Desk Mat,Accessories,Middle East,Retail,Cust_0031,4,29,111.35,60.32
2023-01-15,Webcam HD,Electronics,Europe,Online,Cust_0023,22,79,1988.95,1164.46
2023-09-17,USB-C Dock,Electronics,South America,Retail,Cust_0008,17,99,1814.99,1178.1
2023-05-27,Laptop Stand,Accessories,Middle East,Online,Cust_0009,15,39,584.27,245.7
2023-07-14,Desk Mat,Accessories,North America,Online,Cust_0021,10,29,289.45,150.8
2023-08-08,Desk Lamp,Home,South America,Partner,Cust_0015,15,45,685.92,337.5
2023-05-03,Power Bank,Accessories,North America,Retail,Cust_0031,14,49,776.36,384.16
2023-07-21,Mechanical Keyboard,Electronics,North America,Wholesale,Cust_0026,1,129,126.6,83.85
2022-10-05,Laptop Stand,Accessories,South America,Wholesale,Cust_0038,5,39,222.94,81.9
2022-12-29,Laptop Stand,Accessories,Asia Pacific,Retail,Cust_0013,12,39,481.33,196.56
2023-08-27,Laptop Stand,Accessories,South America,Wholesale,Cust_0018,8,39,336.79,131.04
2023-04-15,Smart Speaker,Electronics,Asia Pacific,Wholesale,Cust_0031,21,119,2623.96,1549.38
2023-08-28,Webcam HD,Electronics,Europe,Partner,Cust_0030,17,79,1185.08,899.81
2023-03-23,Webcam HD,Electronics,Europe,Retail,Cust_0002,16,79,1112.17,846.88
2022-09-02,Power Bank,Accessories,North America,Wholesale,Cust_0012,3,49,141.82,82.32
2023-06-09,Mechanical Keyboard,Electronics,North America,Online,Cust_0034,10,129,1393.55,838.5
2023-10-30,USB-C Dock,Electronics,South America,Wholesale,Cust_0033,10,99,919.21,693.0
2023-06-26,Smart Speaker,Electronics,North America,Online,Cust_0028,18,119,2386.27,1328.04
2022-11-08,Standing Desk,Furniture,South America,Partner,Cust_0029,15,429,6357.12,5276.7
2022-08-12,Mechanical Keyboard,Electronics,Europe,Partner,Cust_0032,18,129,2273.71,1509.3
2023-05-25,Desk Mat,Accessories,North America,Wholesale,Cust_0037,13,29,396.8,196.04
2023-11-03,Webcam HD,Electronics,Middle East,Retail,Cust_0004,18,79,1375.66,952.74
2023-11-28,Monitor 27in,Electronics,Asia Pacific,Partner,Cust_0021,13,299,3375.58,2332.2
2022-08-25,Mechanical Keyboard,Electronics,Middle East,Partner,Cust_0002,12,129,1671.16,1006.2
2023-06-24,Standing Desk,Furniture,Asia Pacific,Wholesale,Cust_0023,4,429,1670.66,1407.12
2022-09-05,Cable Organizer,Accessories,Europe,Retail,Cust_0020,8,15,123.33,42.0
2022-09-15,Power Bank,Accessories,Asia Pacific,Online,Cust_0011,10,49,419.4,274.4
2023-06-08,Wireless Headphones,Electronics,Middle East,Wholesale,Cust_0033,15,89,1495.76,774.3
2023-04-09,Wireless Headphones,Electronics,Middle East,Wholesale,Cust_0002,23,89,2345.31,1187.26
2023-07-31,Monitor 27in,Electronics,Middle East,Partner,Cust_0007,13,299,4246.54,2332.2
2022-10-20,Desk Mat,Accessories,Asia Pacific,Retail,Cust_0032,22,29,638.53,331.76
2023-06-22,Mechanical Keyboard,Electronics,Asia Pacific,Partner,Cust_0028,20,129,2349.16,1677.0
2022-09-25,Power Bank,Accessories,Asia Pacific,Retail,Cust_0017,18,49,762.28,493.92
2023-08-25,Smart Speaker,Electronics,Middle East,Online,Cust_0007,8,119,978.24,590.24
2023-04-15,Laptop Stand,Accessories,South America,Wholesale,Cust_0014,19,39,707.06,311.22
2022-09-26,Cable Organizer,Accessories,South America,Partner,Cust_0035,10,15,141.6,52.5
2023-09-07,Standing Desk,Furniture,Middle East,Wholesale,Cust_0012,9,429,4302.19,3166.02
2023-12-20,Power Bank,Accessories,Europe,Wholesale,Cust_0030,6,49,273.53,164.64
2023-09-27,Fitness Tracker,Electronics,Middle East,Online,Cust_0013,19,139,2533.46,1875.11
2022-12-08,USB-C Dock,Electronics,South America,Partner,Cust_0027,5,99,468.07,346.5
2022-09-13,Cable Organizer,Accessories,Asia Pacific,Wholesale,Cust_0019,7,15,109.6,36.75
2023-03-29,Cable Organizer,Accessories,South America,Retail,Cust_0016,20,15,265.22,105.0
2023-01-22,Wireless Headphones,Electronics,South America,Partner,Cust_0032,8,89,724.78,412.96
2023-09-29,Standing Desk,Furniture,Europe,Online,Cust_0011,21,429,8394.71,7387.38
2022-08-08,Desk Lamp,Home,North America,Retail,Cust_0032,9,45,439.29,202.5
2022-09-04,Power Bank,Accessories,Middle East,Partner,Cust_0020,3,49,163.19,82.32
2023-08-30,Fitness Tracker,Electronics,South America,Online,Cust_0009,12,139,1535.91,1184.28
2023-12-04,Fitness Tracker,Electronics,South America,Partner,Cust_0006,4,139,512.31,394.76
2022-11-12,Smart Speaker,Electronics,Middle East,Partner,Cust_0025,11,119,1429.1,811.58
2023-03-08,Fitness Tracker,Electronics,Europe,Retail,Cust_0007,14,139,1756.36,1381.66
2023-04-17,Webcam HD,Electronics,Middle East,Partner,Cust_0004,14,79,1102.8,741.02
2023-07-28,Desk Mat,Accessories,Middle East,Partner,Cust_0028,4,29,115.12,60.32
2023-03-19,Desk Lamp,Home,South America,Partner,Cust_0024,5,45,246.69,112.5
2022-07-31,Cable Organizer,Accessories,North America,Online,Cust_0016,20,15,277.77,105.0
2023-08-07,Desk Lamp,Home,North America,Partner,Cust_0035,21,45,1049.03,472.5
2023-10-06,Standing Desk,Furniture,Asia Pacific,Wholesale,Cust_0020,1,429,376.27,351.78
2023-03-08,Desk Lamp,Home,South America,Retail,Cust_0021,7,45,350.86,157.5
2023-08-30,Smart Speaker,Electronics,North America,Partner,Cust_0032,2,119,235.94,147.56
2023-09-05,Fitness Tracker,Electronics,North America,Wholesale,Cust_0011,11,139,1620.04,1085.59
2023-12-10,Laptop Stand,Accessories,Middle East,Wholesale,Cust_0036,12,39,501.39,196.56
2023-10-17,Desk Mat,Accessories,Europe,Online,Cust_0029,1,29,31.53,15.08
2022-11-26,Wireless Headphones,Electronics,Asia Pacific,Retail,Cust_0021,13,89,1183.31,671.06
2022-10-31,Mechanical Keyboard,Electronics,Middle East,Retail,Cust_0027,8,129,1122.6,670.8
2023-06-02,Webcam HD,Electronics,Asia Pacific,Retail,Cust_0012,16,79,1335.09,846.88
2023-06-10,Smart Speaker,Electronics,North America,Retail,Cust_0027,10,119,1142.73,737.8
2023-08-16,Fitness Tracker,Electronics,North America,Retail,Cust_0002,13,139,2036.37,1282.97
2023-03-01,Fitness Tracker,Electronics,Europe,Wholesale,Cust_0017,3,139,442.18,296.07
2022-12-29,Wireless Headphones,Electronics,Middle East,Wholesale,Cust_0017,13,89,1035.26,671.06
2023-07-21,Mechanical Keyboard,Electronics,North America,Online,Cust_0034,19,129,2403.32,1593.15
2023-10-17,Power Bank,Accessories,North America,Wholesale,Cust_0015,22,49,1147.07,603.68
2023-01-21,Power Bank,Accessories,South America,Partner,Cust_0025,9,49,392.08,246.96
2023-02-06,Monitor 27in,Electronics,Europe,Partner,Cust_0027,7,299,1892.3,1255.8
2022-12-06,Wireless Headphones,Electronics,Europe,Partner,Cust_0040,10,89,876.91,516.2
2023-03-21,Ergonomic Chair,Furniture,North America,Wholesale,Cust_0001,19,249,4686.83,3548.25
2023-06-06,Desk Mat,Accessories,South America,Retail,Cust_0028,13,29,403.7,196.04
2023-03-29,Laptop Stand,Accessories,North America,Online,Cust_0022,4,39,176.17,65.52
2023-11-04,Fitness Tracker,Electronics,North America,Online,Cust_0017,12,139,1670.27,1184.28
2023-08-04,Desk Lamp,Home,Europe,Partner,Cust_0036,13,45,504.47,292.5
2023-01-09,Desk Lamp,Home,Asia Pacific,Wholesale,Cust_0030,6,45,240.19,135.0
2023-05-30,Desk Mat,Accessories,Europe,Wholesale,Cust_0017,17,29,436.33,256.36
2022-08-24,Mechanical Keyboard,Electronics,Asia Pacific,Partner,Cust_0028,16,129,1929.59,1341.6
2023-04-05,Monitor 27in,Electronics,Middle East,Partner,Cust_0021,25,299,7330.98,4485.0
2022-12-25,Ergonomic Chair,Furniture,Europe,Wholesale,Cust_0036,24,249,6608.92,4482.0
2023-10-03,Wireless Headphones,Electronics,North America,Retail,Cust_0015,7,89,563.78,361.34
2023-11-03,Desk Lamp,Home,South America,Wholesale,Cust_0008,6,45,310.11,135.0
2023-11-28,Wireless Headphones,Electronics,Middle East,Partner,Cust_0032,15,89,1318.08,774.3
2022-11-02,Power Bank,Accessories,North America,Retail,Cust_0023,24,49,1032.61,658.56
2023-04-26,Mechanical Keyboard,Electronics,Middle East,Partner,Cust_0038,6,129,707.22,503.1
2022-07-14,Noise-cancelling Mic,Electronics,South America,Retail,Cust_0005,25,149,3441.33,2905.5
2023-12-02,Cable Organizer,Accessories,North America,Partner,Cust_0019,4,15,63.26,21.0
2022-11-11,Standing Desk,Furniture,Asia Pacific,Online,Cust_0010,12,429,4420.39,4221.36
2023-10-24,Power Bank,Accessories,South America,Wholesale,Cust_0018,23,49,1158.85,631.12
2022-07-15,Ergonomic Chair,Furniture,Asia Pacific,Wholesale,Cust_0037,2,249,442.62,373.5
2022-08-28,Smart Speaker,Electronics,Asia Pacific,Partner,Cust_0004,21,119,2681.78,1549.38
2023-08-04,Laptop Stand,Accessories,Europe,Partner,Cust_0016,13,39,577.73,212.94
2023-08-22,Laptop Stand,Accessories,Europe,Retail,Cust_0025,1,39,42.27,16.38
2023-04-27,Cable Organizer,Accessories,North America,Retail,Cust_0020,25,15,373.97,131.25
2023-09-25,Desk Mat,Accessories,Asia Pacific,Retail,Cust_0007,10,29,318.89,150.8
2023-12-16,USB-C Dock,Electronics,South America,Wholesale,Cust_0031,16,99,1473.98,1108.8
2023-09-16,Laptop Stand,Accessories,Asia Pacific,Wholesale,Cust_0040,25,39,883.26,409.5
2023-09-19,Laptop Stand,Accessories,South America,Partner,Cust_0015,2,39,81.45,32.76
2022-12-15,Fitness Tracker,Electronics,Asia Pacific,Online,Cust_0030,16,139,2182.2,1579.04
2023-11-11,Desk Lamp,Home,Asia Pacific,Retail,Cust_0016,5,45,226.56,112.5
2023-05-08,Monitor 27in,Electronics,North America,Online,Cust_0033,2,299,527.61,358.8
2023-09-18,Standing Desk,Furniture,Middle East,Wholesale,Cust_0017,4,429,1641.59,1407.12
2022-10-01,Smart Speaker,Electronics,North America,Online,Cust_0030,17,119,1828.52,1254.26
2023-01-12,Power Bank,Accessories,North America,Online,Cust_0027,13,49,709.0,356.72
2023-05-10,Ergonomic Chair,Furniture,South America,Wholesale,Cust_0040,19,249,5167.91,3548.25
2023-06-24,Fitness Tracker,Electronics,Europe,Retail,Cust_0006,6,139,895.81,592.14
2023-04-01,Power Bank,Accessories,South America,Online,Cust_0035,22,49,922.09,603.68
2023-08-18,Laptop Stand,Accessories,South America,Retail,Cust_0030,1,39,41.24,16.38
2023-11-20,Desk Lamp,Home,South America,Partner,Cust_0020,20,45,788.66,450.0
2022-11-25,Wireless Headphones,Electronics,North America,Online,Cust_0013,7,89,690.1,361.34
2023-02-09,Webcam HD,Electronics,Europe,Retail,Cust_0028,21,79,1829.26,1111.53
2023-01-21,Laptop Stand,Accessories,Europe,Wholesale,Cust_0031,10,39,380.86,163.8
2022-11-06,Mechanical Keyboard,Electronics,South America,Wholesale,Cust_0031,5,129,552.05,419.25
2023-10-13,Monitor 27in,Electronics,Asia Pacific,Retail,Cust_0037,8,299,2628.41,1435.2
2023-08-15,Wireless Headphones,Electronics,North America,Online,Cust_0028,11,89,1119.83,567.82
2023-11-29,Desk Mat,Accessories,North America,Partner,Cust_0032,19,29,534.42,286.52
2023-12-17,Monitor 27in,Electronics,Europe,Wholesale,Cust_0004,24,299,7236.94,4305.6
2023-09-15,Monitor 27in,Electronics,Asia Pacific,Online,Cust_0027,11,299,3672.97,1973.4
2022-11-06,Webcam HD,Electronics,South America,Partner,Cust_0028,20,79,1352.86,1058.6
2023-04-30,Desk Mat,Accessories,Asia Pacific,Wholesale,Cust_0029,7,29,186.69,105.56
2023-02-19,Monitor 27in,Electronics,Middle East,Partner,Cust_0030,22,299,5850.13,3946.8
2023-05-06,Desk Mat,Accessories,South America,Wholesale,Cust_0024,23,29,726.22,346.84
2022-12-22,Monitor 27in,Electronics,North America,Partner,Cust_0031,7,299,1860.11,1255.8
2023-01-30,Mechanical Keyboard,Electronics,North America,Wholesale,Cust_0027,20,129,2922.92,1677.0
2023-11-27,Desk Lamp,Home,Middle East,Retail,Cust_0004,8,45,413.92,180.0
2023-07-12,Fitness Tracker,Electronics,Europe,Partner,Cust_0012,9,139,1374.08,888.21
2023-12-07,Wireless Headphones,Electronics,South America,Partner,Cust_0008,3,89,276.42,154.86
2022-11-10,Noise-cancelling Mic,Electronics,Asia Pacific,Wholesale,Cust_0022,8,149,1293.88,929.76
2022-08-26,Smart Speaker,Electronics,Europe,Partner,Cust_0033,18,119,2209.02,1328.04
2022-10-24,Desk Mat,Accessories,South America,Wholesale,Cust_0008,2,29,66.26,30.16
2022-10-22,Power Bank,Accessories,Middle East,Online,Cust_0007,18,49,793.9,493.92
2022-11-07,Power Bank,Accessories,Europe,Partner,Cust_0019,7,49,364.42,192.08
2023-12-10,Webcam HD,Electronics,Europe,Online,Cust_0024,24,79,1801.92,1270.32
2022-11-28,Laptop Stand,Accessories,South America,Wholesale,Cust_0001,7,39,252.14,114.66
2023-11-07,Ergonomic Chair,Furniture,North America,Retail,Cust_0018,10,249,2394.71,1867.5
2023-09-07,Ergonomic Chair,Furniture,Europe,Retail,Cust_0034,21,249,5106.21,3921.75
2023-02-28,Mechanical Keyboard,Electronics,South America,Wholesale,Cust_0030,14,129,2050.81,1173.9
2023-12-20,Smart Speaker,Electronics,North America,Partner,Cust_0029,22,119,2339.64,1623.16
2022-07-20,Desk Mat,Accessories,North America,Online,Cust_0022,17,29,465.61,256.36
2022-12-25,Standing Desk,Furniture,North America,Wholesale,Cust_0010,2,429,961.61,703.56
2022-09-07,Cable Organizer,Accessories,South America,Partner,Cust_0026,23,15,384.93,120.75
2023-05-17,Desk Mat,Accessories,Asia Pacific,Partner,Cust_0001,24,29,764.28,361.92
2024-01-01,Monitor 27in,Electronics,South America,Wholesale,Cust_0014,5,299,1668.83,897.0
2023-10-05,Desk Mat,Accessories,Europe,Wholesale,Cust_0020,12,29,304.6,180.96
2023-06-17,Standing Desk,Furniture,Middle East,Retail,Cust_0035,24,429,9628.6,8442.72
2022-10-13,Noise-cancelling Mic,Electronics,Middle East,Partner,Cust_0022,18,149,2888.82,2091.96
2022-12-20,Wireless Headphones,Electronics,Europe,Partner,Cust_0020,1,89,95.05,51.62
2023-12-09,Laptop Stand,Accessories,Asia Pacific,Online,Cust_0017,24,39,971.66,393.12
2023-07-07,Laptop Stand,Accessories,South America,Online,Cust_0020,2,39,79.69,32.76
2022-07-15,Webcam HD,Electronics,Middle East,Retail,Cust_0037,11,79,924.96,582.23
2023-03-06,Ergonomic Chair,Furniture,Middle East,Partner,Cust_0009,10,249,2650.12,1867.5
2023-12-24,Desk Mat,Accessories,Asia Pacific,Online,Cust_0034,8,29,237.73,120.64
2023-07-14,Webcam HD,Electronics,South America,Retail,Cust_0027,4,79,276.37,211.72
2022-09-11,Standing Desk,Furniture,Europe,Wholesale,Cust_0029,5,429,1873.49,1758.9
2023-12-30,Standing Desk,Furniture,Asia Pacific,Wholesale,Cust_0038,19,429,8148.13,6683.82
2023-09-16,Webcam HD,Electronics,South America,Wholesale,Cust_0011,23,79,1623.13,1217.39
2022-11-17,Webcam HD,Electronics,Europe,Wholesale,Cust_0033,23,79,2015.02,1217.39
2022-11-07,Desk Mat,Accessories,South America,Wholesale,Cust_0003,7,29,218.01,105.56
2023-07-23,Fitness Tracker,Electronics,North America,Wholesale,Cust_0008,4,139,534.25,394.76
2023-05-02,Wireless Headphones,Electronics,North America,Retail,Cust_0024,17,89,1424.46,877.54
2023-07-28,Desk Lamp,Home,North America,Wholesale,Cust_0010,10,45,401.69,225.0
2023-09-14,Wireless Headphones,Electronics,Europe,Partner,Cust_0012,10,89,975.21,516.2
2023-11-22,Wireless Headphones,Electronics,North America,Partner,Cust_0003,4,89,347.2,206.48
2023-05-23,Monitor 27in,Electronics,South America,Partner,Cust_0031,15,299,4935.02,2691.0
2022-11-22,Smart Speaker,Electronics,South America,Wholesale,Cust_0029,5,119,532.34,368.9
2023-06-08,Laptop Stand,Accessories,South America,Wholesale,Cust_0015,20,39,873.66,327.6
2023-06-22,Noise-cancelling Mic,Electronics,Asia Pacific,Wholesale,Cust_0006,2,149,330.72,232.44
2022-08-04,Monitor 27in,Electronics,Middle East,Partner,Cust_0008,21,299,6550.09,3767.4
2022-10-05,USB-C Dock,Electronics,Middle East,Online,Cust_0034,20,99,1795.5,1386.0
2023-11-09,Noise-cancelling Mic,Electronics,Middle East,Online,Cust_0012,1,149,169.67,116.22
2023-04-17,Smart Speaker,Electronics,Middle East,Retail,Cust_0029,7,119,729.2,516.46
2023-06-03,Standing Desk,Furniture,South America,Online,Cust_0002,19,429,7759.65,6683.82
2023-01-10,Standing Desk,Furniture,South America,Partner,Cust_0017,1,429,376.36,351.78
2022-10-19,Noise-cancelling Mic,Electronics,Europe,Partner,Cust_0012,6,149,828.44,697.32
2022-10-09,Mechanical Keyboard,Electronics,Europe,Wholesale,Cust_0004,10,129,1334.3,838.5
2023-06-08,Mechanical Keyboard,Electronics,Asia Pacific,Online,Cust_0025,1,129,113.47,83.85
2022-12-02,Standing Desk,Furniture,South America,Partner,Cust_0008,11,429,4084.59,3869.58
2023-03-12,Smart Speaker,Electronics,South America,Retail,Cust_0033,20,119,2560.21,1475.6
2023-08-08,Laptop Stand,Accessories,Asia Pacific,Online,Cust_0030,9,39,356.59,147.42
2022-09-15,Webcam HD,Electronics,Europe,Wholesale,Cust_0002,1,79,73.53,52.93
2022-10-21,USB-C Dock,Electronics,Asia Pacific,Retail,Cust_0037,25,99,2405.76,1732.5
2022-10-03,Power Bank,Accessories,Europe,Retail,Cust_0024,21,49,1041.48,576.24
2022-12-29,Smart Speaker,Electronics,Middle East,Wholesale,Cust_0029,8,119,821.14,590.24
2023-10-28,Power Bank,Accessories,Europe,Partner,Cust_0001,20,49,850.69,548.8
2023-11-15,Desk Lamp,Home,South America,Partner,Cust_0023,20,45,992.46,450.0
2023-02-12,Monitor 27in,Electronics,North America,Partner,Cust_0011,17,299,5447.73,3049.8
2022-09-19,Desk Lamp,Home,North America,Wholesale,Cust_0009,3,45,144.12,67.5
2023-04-22,Fitness Tracker,Electronics,Middle East,Retail,Cust_0033,14,139,2213.04,1381.66
2023-05-31,Fitness Tracker,Electronics,Asia Pacific,Partner,Cust_0029,22,139,2849.76,2171.18
2023-06-04,Ergonomic Chair,Furniture,Middle East,Wholesale,Cust_0022,7,249,1489.85,1307.25
2022-11-23,Cable Organizer,Accessories,North America,Wholesale,Cust_0001,1,15,15.78,5.25
2023-09-06,Noise-cancelling Mic,Electronics,South America,Wholesale,Cust_0035,23,149,2996.38,2673.06
2022-09-27,Noise-cancelling Mic,Electronics,North America,Wholesale,Cust_0023,1,149,170.1,116.22
2023-07-30,Power Bank,Accessories,South America,Partner,Cust_0012,20,49,1079.71,548.8
2022-07-18,Laptop Stand,Accessories,Europe,Partner,Cust_0029,15,39,498.89,245.7
2022-07-30,Smart Speaker,Electronics,Europe,Partner,Cust_0006,9,119,1172.62,664.02
2023-05-16,Smart Speaker,Electronics,Europe,Retail,Cust_0032,23,119,3120.7,1696.94
2022-08-16,Desk Lamp,Home,North America,Retail,Cust_0013,16,45,824.6,360.0
2023-08-19,Laptop Stand,Accessories,Europe,Wholesale,Cust_0036,9,39,318.75,147.42
2023-01-05,Laptop Stand,Accessories,North America,Retail,Cust_0009,19,39,687.56,311.22
2023-02-28,Fitness Tracker,Electronics,Europe,Partner,Cust_0002,17,139,2711.74,1677.73
2023-03-25,Cable Organizer,Accessories,North America,Wholesale,Cust_0028,18,15,281.42,94.5
2022-09-01,Power Bank,Accessories,South America,Wholesale,Cust_0018,11,49,477.83,301.84
2023-12-22,Webcam HD,Electronics,Middle East,Partner,Cust_0003,16,79,1409.54,846.88
2023-02-24,Wireless Headphones,Electronics,Middle East,Wholesale,Cust_0029,9,89,756.84,464.58
2023-08-15,USB-C Dock,Electronics,Middle East,Online,Cust_0002,11,99,1249.17,762.3
2023-02-26,Desk Mat,Accessories,Europe,Online,Cust_0013,14,29,365.13,211.12
2023-05-24,Laptop Stand,Accessories,North America,Online,Cust_0031,21,39,802.28,343.98
2022-08-03,Monitor 27in,Electronics,Asia Pacific,Partner,Cust_0016,21,299,5540.29,3767.4
2023-03-11,Ergonomic Chair,Furniture,Middle East,Partner,Cust_0016,2,249,564.27,373.5
2023-10-02,Smart Speaker,Electronics,Middle East,Wholesale,Cust_0008,4,119,416.81,295.12
2022-09-10,Fitness Tracker,Electronics,Asia Pacific,Wholesale,Cust_0005,2,139,301.57,197.38
2022-09-11,Fitness Tracker,Electronics,Asia Pacific,Online,Cust_0040,15,139,2163.93,1480.35
2022-09-15,Laptop Stand,Accessories,Middle East,Online,Cust_0004,22,39,805.21,360.36
2023-08-04,Standing Desk,Furniture,Europe,Wholesale,Cust_0039,4,429,1863.99,1407.12
2022-07-20,Webcam HD,Electronics,South America,Wholesale,Cust_0040,13,79,1063.73,688.09
2023-06-22,Cable Organizer,Accessories,South America,Online,Cust_0034,22,15,312.99,115.5
2023-01-23,Laptop Stand,Accessories,Middle East,Online,Cust_0005,4,39,160.35,65.52
2023-01-24,Fitness Tracker,Electronics,Middle East,Retail,Cust_0017,19,139,2526.43,1875.11
2023-11-14,Desk Mat,Accessories,Europe,Wholesale,Cust_0016,20,29,516.96,301.6
2022-08-24,Wireless Headphones,Electronics,Middle East,Partner,Cust_0028,5,89,446.75,258.1
2023-07-11,Desk Lamp,Home,Europe,Retail,Cust_0031,19,45,805.92,427.5
2023-06-26,Desk Lamp,Home,Middle East,Online,Cust_0038,12,45,565.54,270.0
2022-12-05,Wireless Headphones,Electronics,South America,Online,Cust_0023,8,89,646.94,412.96
2023-01-31,Cable Organizer,Accessories,Asia Pacific,Online,Cust_0013,7,15,110.29,36.75
2023-10-31,Monitor 27in,Electronics,Middle East,Partner,Cust_0037,23,299,7832.35,4126.2
2023-05-12,Standing Desk,Furniture,North America,Retail,Cust_0030,11,429,5251.45,3869.58
2022-08-22,Webcam HD,Electronics,Europe,Online,Cust_0015,8,79,625.66,423.44
2023-02-13,USB-C Dock,Electronics,South America,Partner,Cust_0014,16,99,1536.63,1108.8
2022-07-16,Ergonomic Chair,Furniture,Asia Pacific,Online,Cust_0002,1,249,253.09,186.75
2022-12-02,Desk Lamp,Home,Middle East,Retail,Cust_0024,15,45,582.64,337.5
2022-08-09,USB-C Dock,Electronics,Europe,Partner,Cust_0015,7,99,773.12,485.1
2023-01-04,Ergonomic Chair,Furniture,Europe,Retail,Cust_0013,18,249,3838.6,3361.5
2023-04-04,Fitness Tracker,Electronics,Europe,Online,Cust_0025,4,139,581.83,394.76
2022-10-31,Ergonomic Chair,Furniture,South America,Partner,Cust_0016,7,249,1674.84,1307.25
2023-07-26,Cable Organizer,Accessories,North America,Wholesale,Cust_0008,6,15,80.4,31.5
2022-11-20,Smart Speaker,Electronics,Middle East,Retail,Cust_0025,7,119,881.57,516.46
2023-05-31,Monitor 27in,Electronics,North America,Retail,Cust_0040,14,299,4295.66,2511.6
2023-05-07,Smart Speaker,Electronics,Europe,Partner,Cust_0004,5,119,618.11,368.9
2023-04-22,Power Bank,Accessories,Europe,Wholesale,Cust_0006,5,49,265.92,137.2
2022-09-14,Mechanical Keyboard,Electronics,Middle East,Wholesale,Cust_0024,17,129,2192.07,1425.45
2023-10-28,Mechanical Keyboard,Electronics,Middle East,Partner,Cust_0031,11,129,1510.8,922.35
2023-11-28,Webcam HD,Electronics,Middle East,Wholesale,Cust_0003,9,79,648.55,476.37
2023-02-02,Webcam HD,Electronics,Europe,Wholesale,Cust_0020,8,79,617.78,423.44
2023-07-31,Monitor 27in,Electronics,Asia Pacific,Partner,Cust_0036,6,299,1570.52,1076.4
2022-10-04,Desk Lamp,Home,Europe,Partner,Cust_0038,15,45,582.08,337.5
2023-12-16,Monitor 27in,Electronics,South America,Wholesale,Cust_0030,11,299,3222.4,1973.4
2023-07-21,Smart Speaker,Electronics,Asia Pacific,Partner,Cust_0025,16,119,1632.52,1180.48
2023-10-05,USB-C Dock,Electronics,Asia Pacific,Online,Cust_0006,9,99,836.07,623.7
2023-12-05,Noise-cancelling Mic,Electronics,Asia Pacific,Online,Cust_0015,18,149,2358.88,2091.96
2022-09-21,Ergonomic Chair,Furniture,Asia Pacific,Retail,Cust_0013,2,249,524.16,373.5
2023-03-23,Desk Lamp,Home,Europe,Partner,Cust_0039,24,45,1241.35,540.0
2023-04-03,Wireless Headphones,Electronics,Asia Pacific,Partner,Cust_0023,25,89,2413.99,1290.5
2023-08-27,Standing Desk,Furniture,South America,Online,Cust_0033,19,429,9347.42,6683.82
2022-12-09,Power Bank,Accessories,Europe,Retail,Cust_0014,13,49,632.12,356.72
2023-12-20,Monitor 27in,Electronics,South America,Wholesale,Cust_0022,18,299,5853.33,3229.2
2023-05-26,Power Bank,Accessories,South America,Wholesale,Cust_0014,7,49,336.69,192.08
2022-08-09,Ergonomic Chair,Furniture,Asia Pacific,Retail,Cust_0001,5,249,1244.93,933.75
2023-07-08,Ergonomic Chair,Furniture,South America,Wholesale,Cust_0026,8,249,2149.07,1494.0
2023-05-12,Ergonomic Chair,Furniture,Middle East,Online,Cust_0003,19,249,5330.15,3548.25
2022-12-14,Ergonomic Chair,Furniture,South America,Wholesale,Cust_0014,19,249,5367.83,3548.25
2022-09-13,Noise-cancelling Mic,Electronics,South America,Retail,Cust_0007,13,149,1837.54,1510.86
2023-10-15,Cable Organizer,Accessories,Europe,Online,Cust_0007,10,15,157.87,52.5
2023-01-07,Wireless Headphones,Electronics,North America,Wholesale,Cust_0012,23,89,1862.16,1187.26
2023-08-09,Desk Lamp,Home,Asia Pacific,Retail,Cust_0034,7,45,274.36,157.5
2022-09-06,Ergonomic Chair,Furniture,Europe,Online,Cust_0021,17,249,4689.79,3174.75
2023-09-03,Standing Desk,Furniture,Europe,Online,Cust_0035,6,429,2511.0,2110.68
2022-09-18,Standing Desk,Furniture,Europe,Retail,Cust_0020,7,429,2941.92,2462.46
2023-11-08,Mechanical Keyboard,Electronics,Middle East,Partner,Cust_0013,20,129,2581.92,1677.0
2023-10-22,Desk Lamp,Home,Europe,Online,Cust_0029,7,45,273.8,157.5
2023-08-22,Monitor 27in,Electronics,Middle East,Partner,Cust_0032,8,299,2363.44,1435.2
2022-08-19,Desk Mat,Accessories,South America,Partner,Cust_0023,3,29,92.23,45.24
2023-05-10,Standing Desk,Furniture,South America,Retail,Cust_0016,20,429,7755.23,7035.6
2023-09-25,Webcam HD,Electronics,Middle East,Retail,Cust_0007,13,79,994.2,688.09
2022-08-23,USB-C Dock,Electronics,Middle East,Partner,Cust_0019,6,99,623.7,415.8
2022-09-16,Desk Mat,Accessories,South America,Retail,Cust_0027,24,29,798.81,361.92
2022-11-11,Ergonomic Chair,Furniture,Middle East,Online,Cust_0021,3,249,726.85,560.25
2022-12-25,Desk Lamp,Home,South America,Online,Cust_0002,7,45,274.67,157.5
2023-10-25,Standing Desk,Furniture,Europe,Wholesale,Cust_0026,11,429,4064.63,3869.58
2023-03-23,Laptop Stand,Accessories,Asia Pacific,Retail,Cust_0030,23,39,892.9,376.74
2022-09-17,Laptop Stand,Accessories,South America,Retail,Cust_0009,18,39,695.85,294.84
2023-04-21,Power Bank,Accessories,North America,Retail,Cust_0039,6,49,258.77,164.64
2023-05-07,Laptop Stand,Accessories,Europe,Wholesale,Cust_0005,18,39,738.1,294.84
2022-07-21,Cable Organizer,Accessories,South America,Retail,Cust_0023,9,15,121.96,47.25
2022-08-14,Fitness Tracker,Electronics,South America,Retail,Cust_0004,22,139,3366.71,2171.18
2023-12-27,Cable Organizer,Accessories,South America,Online,Cust_0020,22,15,324.45,115.5
2022-07-14,Wireless Headphones,Electronics,Europe,Wholesale,Cust_0016,25,89,2141.33,1290.5
2023-03-11,USB-C Dock,Electronics,South America,Online,Cust_0002,3,99,340.6,207.9
2023-06-20,Power Bank,Accessories,Europe,Online,Cust_0007,7,49,373.55,192.08
2022-12-28,Desk Mat,Accessories,South America,Online,Cust_0033,6,29,153.52,90.48
2023-06-09,Ergonomic Chair,Furniture,Middle East,Retail,Cust_0014,18,249,5066.0,3361.5
2023-08-18,Standing Desk,Furniture,Europe,Retail,Cust_0007,4,429,1642.17,1407.12
2023-01-03,Wireless Headphones,Electronics,North America,Partner,Cust_0025,13,89,1057.3,671.06
2023-02-20,Laptop Stand,Accessories,Middle East,Partner,Cust_0024,22,39,740.61,360.36
2023-02-18,Standing Desk,Furniture,North America,Wholesale,Cust_0035,10,429,4664.85,3517.8
2023-01-01,Desk Lamp,Home,South America,Partner,Cust_0009,4,45,170.93,90.0
2023-05-31,Power Bank,Accessories,North America,Wholesale,Cust_0022,22,49,922.01,603.68
2023-10-12,Standing Desk,Furniture,Middle East,Retail,Cust_0038,17,429,7740.71,5980.26
2022-07-23,USB-C Dock,Electronics,Asia Pacific,Online,Cust_0016,1,99,106.07,69.3
2023-03-16,Monitor 27in,Electronics,Europe,Online,Cust_0024,3,299,896.66,538.2
2023-02-01,Mechanical Keyboard,Electronics,North America,Retail,Cust_0016,13,129,1890.02,1090.05
2023-10-07,Desk Mat,Accessories,Asia Pacific,Retail,Cust_0021,11,29,332.74,165.88
2022-08-19,Noise-cancelling Mic,Electronics,North America,Partner,Cust_0015,14,149,2303.11,1627.08
2023-06-14,Ergonomic Chair,Furniture,Middle East,Retail,Cust_0004,8,249,2235.0,1494.0
2023-03-21,Smart Speaker,Electronics,Middle East,Retail,Cust_0025,22,119,2634.86,1623.16
2023-01-13,Webcam HD,Electronics,North America,Online,Cust_0032,21,79,1444.98,1111.53
2023-01-23,Wireless Headphones,Electronics,Europe,Retail,Cust_0009,21,89,1640.1,1084.02
2023-02-04,USB-C Dock,Electronics,South America,Online,Cust_0030,17,99,1587.81,1178.1
2023-01-28,USB-C Dock,Electronics,Middle East,Retail,Cust_0016,14,99,1304.13,970.2
2023-10-12,Cable Organizer,Accessories,South America,Partner,Cust_0006,7,15,119.21,36.75
2023-07-13,Standing Desk,Furniture,South America,Retail,Cust_0029,13,429,5447.66,4573.14
2023-09-26,Smart Speaker,Electronics,North America,Wholesale,Cust_0025,5,119,582.04,368.9
2022-10-03,Smart Speaker,Electronics,Middle East,Retail,Cust_0012,10,119,1103.35,737.8
2023-10-27,Desk Lamp,Home,South America,Partner,Cust_0036,15,45,696.47,337.5
2022-09-21,Ergonomic Chair,Furniture,Europe,Wholesale,Cust_0010,5,249,1400.43,933.75
2022-07-14,Wireless Headphones,Electronics,South America,Partner,Cust_0026,17,89,1706.22,877.54
2023-08-18,Desk Mat,Accessories,South America,Wholesale,Cust_0020,12,29,362.73,180.96
2022-09-20,Standing Desk,Furniture,South America,Online,Cust_0037,2,429,771.09,703.56
2023-09-29,Desk Lamp,Home,Middle East,Partner,Cust_0032,25,45,1170.56,562.5
2023-07-22,Desk Mat,Accessories,South America,Wholesale,Cust_0016,2,29,53.52,30.16
2022-08-14,Fitness Tracker,Electronics,Europe,Online,Cust_0017,12,139,1720.76,1184.28
2022-12-07,Desk Lamp,Home,North America,Retail,Cust_0008,8,45,389.26,180.0
2023-08-07,Standing Desk,Furniture,Middle East,Online,Cust_0013,23,429,10980.02,8090.94
2022-12-26,Power Bank,Accessories,Asia Pacific,Partner,Cust_0033,14,49,782.25,384.16
2023-08-05,Monitor 27in,Electronics,North America,Wholesale,Cust_0007,10,299,3112.15,1794.0
2023-06-27,Power Bank,Accessories,Europe,Partner,Cust_0026,5,49,259.63,137.2
2022-07-16,Mechanical Keyboard,Electronics,North America,Online,Cust_0005,16,129,2233.5,1341.6
2023-09-10,Noise-cancelling Mic,Electronics,South America,Partner,Cust_0011,14,149,1883.49,1627.08
2023-01-16,Desk Mat,Accessories,South America,Retail,Cust_0012,5,29,145.11,75.4
2022-10-30,Webcam HD,Electronics,Europe,Retail,Cust_0013,19,79,1302.41,1005.67
2023-01-13,Smart Speaker,Electronics,Asia Pacific,Retail,Cust_0027,25,119,2922.1,1844.5
2022-10-29,Power Bank,Accessories,North America,Retail,Cust_0019,21,49,901.11,576.24
2022-11-14,Desk Lamp,Home,North America,Partner,Cust_0038,3,45,124.26,67.5
2023-11-18,Cable Organizer,Accessories,North America,Online,Cust_0004,25,15,348.68,131.25
2022-07-17,Cable Organizer,Accessories,North America,Online,Cust_0014,19,15,286.91,99.75
2022-07-17,Standing Desk,Furniture,South America,Partner,Cust_0031,20,429,9241.29,7035.6
2023-09-22,Ergonomic Chair,Furniture,Asia Pacific,Partner,Cust_0016,12,249,3383.3,2241.0
2023-08-22,Standing Desk,Furniture,Asia Pacific,Online,Cust_0022,20,429,9368.34,7035.6
2022-07-13,Webcam HD,Electronics,Europe,Wholesale,Cust_0002,23,79,1872.55,1217.39
2023-04-22,Desk Mat,Accessories,Asia Pacific,Retail,Cust_0029,25,29,750.74,377.0
2023-11-08,Noise-cancelling Mic,Electronics,North America,Retail,Cust_0021,14,149,1783.51,1627.08
2023-07-13,Power Bank,Accessories,South America,Partner,Cust_0015,2,49,101.14,54.88
2023-08-23,Desk Mat,Accessories,Asia Pacific,Online,Cust_0028,20,29,656.4,301.6
2023-11-09,Cable Organizer,Accessories,South America,Online,Cust_0019,23,15,356.09,120.75
2022-12-03,Power Bank,Accessories,Europe,Online,Cust_0032,17,49,907.18,466.48
2023-05-14,Power Bank,Accessories,Europe,Wholesale,Cust_0029,22,49,1225.16,603.68
2023-11-15,Cable Organizer,Accessories,Europe,Retail,Cust_0014,18,15,243.31,94.5
2022-10-09,Laptop Stand,Accessories,Europe,Online,Cust_0021,14,39,611.95,229.32
2023-04-23,USB-C Dock,Electronics,South America,Partner,Cust_0008,24,99,2493.95,1663.2
2023-11-25,Laptop Stand,Accessories,Europe,Partner,Cust_0037,23,39,968.67,376.74
2022-09-14,Cable Organizer,Accessories,South America,Wholesale,Cust_0036,11,15,188.08,57.75
2023-09-30,Smart Speaker,Electronics,Asia Pacific,Retail,Cust_0008,8,119,892.3,590.24
2022-11-01,Laptop Stand,Accessories,North America,Retail,Cust_0037,11,39,411.98,180.18
2023-05-26,Standing Desk,Furniture,Asia Pacific,Online,Cust_0004,19,429,8371.22,6683.82
2023-01-20,Power Bank,Accessories,Asia Pacific,Wholesale,Cust_0024,13,49,693.86,356.72
2022-11-16,Noise-cancelling Mic,Electronics,North America,Retail,Cust_0026,22,149,2795.34,2556.84
2023-10-24,Ergonomic Chair,Furniture,Europe,Partner,Cust_0032,5,249,1312.22,933.75
2022-12-07,Monitor 27in,Electronics,North America,Retail,Cust_0039,10,299,2828.67,1794.0
2023-12-06,Desk Mat,Accessories,Middle East,Partner,Cust_0031,4,29,120.56,60.32
2023-02-15,Webcam HD,Electronics,North America,Wholesale,Cust_0022,10,79,707.69,529.3
2023-02-10,Power Bank,Accessories,North America,Retail,Cust_0012,24,49,1301.87,658.56
2023-08-15,Desk Lamp,Home,North America,Retail,Cust_0036,22,45,958.01,495.0
2023-09-15,Cable Organizer,Accessories,South America,Partner,Cust_0026,16,15,209.17,84.0
2023-04-25,Desk Lamp,Home,Middle East,Retail,Cust_0026,23,45,909.97,517.5
2023-06-06,Smart Speaker,Electronics,Asia Pacific,Online,Cust_0030,19,119,2365.89,1401.82
2022-11-27,Webcam HD,Electronics,Asia Pacific,Wholesale,Cust_0010,23,79,1658.79,1217.39
2023-01-26,Desk Mat,Accessories,Asia Pacific,Online,Cust_0037,21,29,536.28,316.68
2022-12-08,Standing Desk,Furniture,North America,Retail,Cust_0007,14,429,5745.79,4924.92
2023-11-07,Mechanical Keyboard,Electronics,Middle East,Online,Cust_0022,2,129,265.23,167.7
2022-12-09,Cable Organizer,Accessories,Europe,Wholesale,Cust_0003,24,15,318.83,126.0
2023-08-20,Webcam HD,Electronics,South America,Retail,Cust_0006,10,79,855.82,529.3
2023-08-05,Desk Lamp,Home,Asia Pacific,Wholesale,Cust_0001,21,45,837.27,472.5
2022-10-02,Laptop Stand,Accessories,North America,Retail,Cust_0038,16,39,637.66,262.08
2023-11-13,Desk Lamp,Home,Middle East,Online,Cust_0012,23,45,998.97,517.5
2023-09-27,Desk Lamp,Home,North America,Retail,Cust_0021,19,45,743.04,427.5
2023-01-15,Standing Desk,Furniture,South America,Online,Cust_0036,23,429,10806.72,8090.94
2023-11-22,Laptop Stand,Accessories,Europe,Online,Cust_0008,17,39,599.48,278.46
2023-01-10,Wireless Headphones,Electronics,Asia Pacific,Wholesale,Cust_0008,18,89,1380.51,929.16
2023-02-06,Cable Organizer,Accessories,Middle East,Online,Cust_0017,6,15,99.49,31.5
2022-08-14,Laptop Stand,Accessories,Asia Pacific,Partner,Cust_0035,4,39,140.63,65.52
2022-07-10,USB-C Dock,Electronics,Middle East,Online,Cust_0019,10,99,1037.27,693.0
2023-10-08,Mechanical Keyboard,Electronics,Asia Pacific,Wholesale,Cust_0034,19,129,2753.05,1593.15
2023-07-05,Monitor 27in,Electronics,North America,Retail,Cust_0003,18,299,4957.52,3229.2
2023-01-18,Mechanical Keyboard,Electronics,Europe,Retail,Cust_0039,10,129,1310.15,838.5
2023-07-12,Desk Lamp,Home,North America,Wholesale,Cust_0036,5,45,208.46,112.5
2023-08-04,Cable Organizer,Accessories,South America,Wholesale,Cust_0006,6,15,102.01,31.5
2023-09-18,Desk Mat,Accessories,North America,Retail,Cust_0018,5,29,166.55,75.4
2023-01-23,Desk Mat,Accessories,South America,Retail,Cust_0010,12,29,328.83,180.96
2023-09-27,Standing Desk,Furniture,North America,Retail,Cust_0018,1,429,380.69,351.78
2022-10-30,Cable Organizer,Accessories,North America,Wholesale,Cust_0022,18,15,281.35,94.5
2023-07-16,Fitness Tracker,Electronics,Europe,Partner,Cust_0015,11,139,1425.17,1085.59
2022-10-18,Standing Desk,Furniture,North America,Wholesale,Cust_0008,8,429,3098.13,2814.24
2023-05-19,Monitor 27in,Electronics,Middle East,Online,Cust_0023,16,299,5071.69,2870.4
2023-04-24,Noise-cancelling Mic,Electronics,North America,Online,Cust_0011,9,149,1267.78,1045.98
2023-08-12,Mechanical Keyboard,Electronics,South America,Wholesale,Cust_0038,12,129,1375.04,1006.2
2022-07-19,Cable Organizer,Accessories,Europe,Retail,Cust_0010,17,15,245.73,89.25
2023-04-09,Wireless Headphones,Electronics,Europe,Partner,Cust_0039,24,89,2083.61,1238.88
2023-10-21,Mechanical Keyboard,Electronics,South America,Partner,Cust_0033,15,129,1811.25,1257.75
2023-09-21,Noise-cancelling Mic,Electronics,Asia Pacific,Retail,Cust_0006,23,149,3887.03,2673.06
2023-08-30,Smart Speaker,Electronics,North America,Online,Cust_0005,11,119,1399.3,811.58
2022-10-13,Mechanical Keyboard,Electronics,North America,Online,Cust_0019,19,129,2490.82,1593.15
2023-11-26,Smart Speaker,Electronics,Middle East,Wholesale,Cust_0009,1,119,118.27,73.78
2023-12-19,Cable Organizer,Accessories,South America,Online,Cust_0001,22,15,341.51,115.5
2022-07-17,Desk Mat,Accessories,Europe,Partner,Cust_0034,14,29,428.42,211.12
2022-08-22,Monitor 27in,Electronics,Middle East,Retail,Cust_0015,15,299,4047.46,2691.0
2023-07-20,Power Bank,Accessories,North America,Partner,Cust_0028,5,49,244.67,137.2
2022-12-31,Ergonomic Chair,Furniture,Europe,Partner,Cust_0035,4,249,1100.81,747.0
2022-11-07,Desk Lamp,Home,Asia Pacific,Wholesale,Cust_0017,10,45,411.26,225.0
2023-08-17,USB-C Dock,Electronics,South America,Online,Cust_0040,10,99,1093.46,693.0
2022-09-06,Ergonomic Chair,Furniture,Asia Pacific,Wholesale,Cust_0020,1,249,238.09,186.75
2022-07-15,Ergonomic Chair,Furniture,South America,Retail,Cust_0023,24,249,5095.49,4482.0
2023-09-24,Webcam HD,Electronics,Middle East,Online,Cust_0033,7,79,619.11,370.51
2023-09-03,Laptop Stand,Accessories,Europe,Online,Cust_0017,16,39,572.73,262.08
2023-08-18,Ergonomic Chair,Furniture,South America,Partner,Cust_0012,10,249,2517.21,1867.5
2023-04-11,Laptop Stand,Accessories,Europe,Wholesale,Cust_0009,15,39,559.33,245.7
2023-09-27,Wireless Headphones,Electronics,North America,Retail,Cust_0013,12,89,999.08,619.44
2022-11-23,Standing Desk,Furniture,North America,Partner,Cust_0011,14,429,6305.47,4924.92
2023-11-12,Cable Organizer,Accessories,South America,Online,Cust_0032,9,15,137.03,47.25
2022-11-17,Ergonomic Chair,Furniture,Middle East,Wholesale,Cust_0025,25,249,5536.67,4668.75
2022-10-28,Smart Speaker,Electronics,Europe,Retail,Cust_0023,1,119,119.0,73.78
2023-03-09,Wireless Headphones,Electronics,South America,Partner,Cust_0039,22,89,2097.47,1135.64
2023-09-27,Webcam HD,Electronics,South America,Partner,Cust_0006,10,79,851.83,529.3
2023-03-20,Monitor 27in,Electronics,Europe,Retail,Cust_0018,5,299,1614.63,897.0
2023-04-05,Desk Mat,Accessories,Europe,Wholesale,Cust_0031,8,29,246.37,120.64
2022-10-23,Desk Mat,Accessories,Europe,Retail,Cust_0038,24,29,722.92,361.92
2022-12-09,USB-C Dock,Electronics,South America,Retail,Cust_0003,4,99,369.13,277.2
2023-01-22,Fitness Tracker,Electronics,North America,Wholesale,Cust_0040,5,139,632.38,493.45
2022-08-31,Standing Desk,Furniture,Europe,Partner,Cust_0015,14,429,5710.83,4924.92
2023-11-12,Wireless Headphones,Electronics,North America,Wholesale,Cust_0020,17,89,1336.0,877.54
2023-07-17,Desk Lamp,Home,Europe,Wholesale,Cust_0021,12,45,604.01,270.0
2023-01-12,Wireless Headphones,Electronics,Asia Pacific,Online,Cust_0014,1,89,83.27,51.62
2023-04-22,Fitness Tracker,Electronics,South America,Online,Cust_0012,20,139,2573.39,1973.8
2023-11-25,Ergonomic Chair,Furniture,North America,Partner,Cust_0007,11,249,2877.82,2054.25
2022-11-20,Ergonomic Chair,Furniture,Middle East,Partner,Cust_0034,12,249,3081.87,2241.0
2023-03-10,Cable Organizer,Accessories,Middle East,Retail,Cust_0025,9,15,118.28,47.25
2022-10-26,Mechanical Keyboard,Electronics,North America,Online,Cust_0038,21,129,3089.61,1760.85
2023-01-21,USB-C Dock,Electronics,North America,Wholesale,Cust_0005,23,99,2578.81,1593.9
2023-06-26,Desk Lamp,Home,Europe,Wholesale,Cust_0035,24,45,1151.53,540.0
2022-08-23,Mechanical Keyboard,Electronics,Middle East,Wholesale,Cust_0017,7,129,1009.08,586.95
2023-06-30,Fitness Tracker,Electronics,North America,Wholesale,Cust_0028,12,139,1451.68,1184.28
2023-09-12,Noise-cancelling Mic,Electronics,Europe,Online,Cust_0039,17,149,2361.38,1975.74
2022-11-19,Desk Lamp,Home,Europe,Online,Cust_0026,2,45,89.87,45.0
2023-12-17,Laptop Stand,Accessories,Middle East,Wholesale,Cust_0025,6,39,238.39,98.28
2023-08-13,Standing Desk,Furniture,Europe,Partner,Cust_0012,20,429,7302.27,7035.6
2023-02-18,Monitor 27in,Electronics,Middle East,Online,Cust_0030,23,299,6884.88,4126.2
2023-12-29,Desk Lamp,Home,Asia Pacific,Retail,Cust_0018,10,45,457.04,225.0
2023-01-01,USB-C Dock,Electronics,Asia Pacific,Retail,Cust_0003,2,99,206.29,138.6
2023-04-20,Fitness Tracker,Electronics,North America,Partner,Cust_0016,5,139,797.07,493.45
2023-02-10,Noise-cancelling Mic,Electronics,Asia Pacific,Online,Cust_0039,4,149,680.43,464.88
2023-06-07,Laptop Stand,Accessories,Europe,Partner,Cust_0027,23,39,1004.19,376.74
2023-05-07,Ergonomic Chair,Furniture,Asia Pacific,Online,Cust_0015,2,249,532.43,373.5
2023-04-22,Mechanical Keyboard,Electronics,Middle East,Online,Cust_0038,9,129,1023.92,754.65
2023-08-05,Cable Organizer,Accessories,South America,Retail,Cust_0015,9,15,127.88,47.25
2023-02-03,Monitor 27in,Electronics,Europe,Wholesale,Cust_0029,21,299,5773.65,3767.4
2023-09-27,Ergonomic Chair,Furniture,North America,Wholesale,Cust_0032,5,249,1126.05,933.75
2023-01-15,Power Bank,Accessories,Middle East,Retail,Cust_0032,6,49,333.1,164.64
2023-01-10,Cable Organizer,Accessories,Asia Pacific,Online,Cust_0011,10,15,167.34,52.5
2023-08-17,Cable Organizer,Accessories,North America,Retail,Cust_0010,20,15,261.48,105.0
2023-03-18,Webcam HD,Electronics,North America,Wholesale,Cust_0034,21,79,1478.48,1111.53
2022-07-22,Monitor 27in,Electronics,South America,Wholesale,Cust_0002,4,299,1056.08,717.6
2022-07-23,Smart Speaker,Electronics,Europe,Online,Cust_0016,21,119,2701.51,1549.38
2023-04-10,Mechanical Keyboard,Electronics,North America,Online,Cust_0007,21,129,2743.43,1760.85
2023-06-21,Power Bank,Accessories,Europe,Online,Cust_0009,23,49,1120.38,631.12
2023-10-07,Power Bank,Accessories,Asia Pacific,Partner,Cust_0031,6,49,263.53,164.64
2022-09-05,Noise-cancelling Mic,Electronics,Middle East,Partner,Cust_0008,23,149,2934.75,2673.06
2022-08-24,Laptop Stand,Accessories,North America,Partner,Cust_0033,18,39,783.39,294.84
2023-09-08,Mechanical Keyboard,Electronics,North America,Retail,Cust_0015,1,129,126.18,83.85
2022-12-07,Ergonomic Chair,Furniture,Europe,Partner,Cust_0025,21,249,5521.98,3921.75
2022-11-02,Webcam HD,Electronics,Europe,Online,Cust_0007,6,79,538.91,317.58
2023-04-24,Ergonomic Chair,Furniture,North America,Partner,Cust_0024,3,249,841.87,560.25
2022-10-04,Fitness Tracker,Electronics,Europe,Retail,Cust_0028,2,139,280.54,197.38
2023-01-11,Cable Organizer,Accessories,Asia Pacific,Retail,Cust_0040,14,15,230.01,73.5
2023-07-01,Fitness Tracker,Electronics,South America,Partner,Cust_0024,4,139,628.2,394.76
2022-09-26,Smart Speaker,Electronics,Europe,Retail,Cust_0021,1,119,106.43,73.78
2023-10-10,Desk Mat,Accessories,North America,Online,Cust_0037,16,29,453.9,241.28
2023-04-21,Mechanical Keyboard,Electronics,Europe,Partner,Cust_0012,3,129,418.06,251.55
2023-07-06,Ergonomic Chair,Furniture,South America,Wholesale,Cust_0027,16,249,4105.6,2988.0
2023-06-16,Mechanical Keyboard,Electronics,South America,Retail,Cust_0027,21,129,2749.1,1760.85
2023-11-26,Noise-cancelling Mic,Electronics,South America,Retail,Cust_0006,18,149,2747.14,2091.96
2023-09-14,Noise-cancelling Mic,Electronics,North America,Retail,Cust_0016,19,149,2713.55,2208.18
2023-02-03,Power Bank,Accessories,Middle East,Partner,Cust_0031,1,49,55.73,27.44
2022-10-30,Wireless Headphones,Electronics,Europe,Partner,Cust_0019,12,89,1055.31,619.44
2023-09-14,USB-C Dock,Electronics,North America,Retail,Cust_0009,7,99,613.42,485.1
2022-12-03,Standing Desk,Furniture,South America,Online,Cust_0024,24,429,8918.65,8442.72
2022-10-26,Cable Organizer,Accessories,South America,Online,Cust_0039,19,15,316.68,99.75
2022-08-09,Mechanical Keyboard,Electronics,North America,Retail,Cust_0016,12,129,1351.59,1006.2
2023-09-09,Mechanical Keyboard,Electronics,South America,Retail,Cust_0009,25,129,3465.04,2096.25
2023-05-12,Webcam HD,Electronics,South America,Partner,Cust_0001,14,79,1035.25,741.02
2022-12-16,Wireless Headphones,Electronics,Middle East,Online,Cust_0012,21,89,1870.85,1084.02
2022-07-21,Standing Desk,Furniture,Middle East,Wholesale,Cust_0017,14,429,6761.22,4924.92
2023-12-05,Desk Lamp,Home,South America,Retail,Cust_0011,23,45,964.15,517.5
2022-10-12,Noise-cancelling Mic,Electronics,Europe,Retail,Cust_0026,13,149,2006.18,1510.86
2023-02-19,Standing Desk,Furniture,South America,Online,Cust_0031,6,429,2429.75,2110.68
2023-08-28,Power Bank,Accessories,North America,Retail,Cust_0024,13,49,665.02,356.72
2023-01-25,Desk Lamp,Home,North America,Online,Cust_0024,4,45,185.57,90.0
2023-06-18,Wireless Headphones,Electronics,Europe,Partner,Cust_0035,8,89,627.94,412.96
2023-02-11,Monitor 27in,Electronics,Europe,Partner,Cust_0036,1,299,272.24,179.4
2022-08-12,USB-C Dock,Electronics,Middle East,Online,Cust_0037,9,99,769.34,623.7
2023-11-17,Wireless Headphones,Electronics,North America,Partner,Cust_0020,2,89,151.75,103.24
2023-07-10,Smart Speaker,Electronics,Middle East,Wholesale,Cust_0013,10,119,1123.77,737.8
2023-08-14,Desk Mat,Accessories,North America,Retail,Cust_0022,12,29,338.32,180.96
2023-12-07,Laptop Stand,Accessories,North America,Retail,Cust_0038,17,39,721.89,278.46
2023-11-10,Monitor 27in,Electronics,Europe,Partner,Cust_0010,2,299,630.72,358.8
2022-09-28,Fitness Tracker,Electronics,Europe,Online,Cust_0014,21,139,3188.26,2072.49
2022-12-01,Smart Speaker,Electronics,Middle East,Retail,Cust_0034,23,119,3141.21,1696.94
2023-12-27,Fitness Tracker,Electronics,South America,Partner,Cust_0009,25,139,3307.18,2467.25
2023-07-13,Monitor 27in,Electronics,South America,Online,Cust_0016,14,299,3820.34,2511.6
2022-09-24,Mechanical Keyboard,Electronics,North America,Wholesale,Cust_0001,19,129,2188.22,1593.15
2023-05-22,Noise-cancelling Mic,Electronics,North America,Wholesale,Cust_0030,3,149,422.02,348.66
2023-05-08,Mechanical Keyboard,Electronics,Middle East,Partner,Cust_0024,3,129,369.98,251.55
2022-09-20,Mechanical Keyboard,Electronics,Asia Pacific,Wholesale,Cust_0031,23,129,3392.9,1928.55
2023-10-05,Cable Organizer,Accessories,Middle East,Online,Cust_0032,5,15,64.64,26.25
2023-04-29,Standing Desk,Furniture,South America,Retail,Cust_0024,14,429,6028.49,4924.92
2023-05-27,Ergonomic Chair,Furniture,Middle East,Wholesale,Cust_0029,3,249,693.85,560.25
2022-08-22,Monitor 27in,Electronics,Europe,Online,Cust_0036,21,299,5352.11,3767.4
2022-10-25,Desk Lamp,Home,Middle East,Retail,Cust_0026,13,45,647.1,292.5
2023-02-23,Standing Desk,Furniture,Asia Pacific,Online,Cust_0030,15,429,6374.17,5276.7
2023-10-29,Laptop Stand,Accessories,North America,Retail,Cust_0026,3,39,126.41,49.14
2023-01-30,Standing Desk,Furniture,Asia Pacific,Online,Cust_0022,11,429,5421.81,3869.58
2023-11-19,USB-C Dock,Electronics,North America,Wholesale,Cust_0018,23,99,2245.97,1593.9
2022-12-16,Webcam HD,Electronics,Asia Pacific,Retail,Cust_0037,5,79,339.46,264.65
2023-08-03,Wireless Headphones,Electronics,South America,Wholesale,Cust_0014,12,89,925.13,619.44
2022-08-02,Smart Speaker,Electronics,Asia Pacific,Wholesale,Cust_0017,22,119,2724.57,1623.16
2022-10-03,Mechanical Keyboard,Electronics,South America,Partner,Cust_0006,3,129,363.59,251.55
2023-10-15,Power Bank,Accessories,Asia Pacific,Retail,Cust_0012,14,49,754.03,384.16
2022-10-12,Fitness Tracker,Electronics,Asia Pacific,Partner,Cust_0011,14,139,1770.05,1381.66
2023-09-12,Webcam HD,Electronics,South America,Retail,Cust_0023,16,79,1420.46,846.88
2023-08-12,Power Bank,Accessories,North America,Retail,Cust_0038,1,49,50.71,27.44
2023-06-06,Cable Organizer,Accessories,North America,Partner,Cust_0010,24,15,402.82,126.0
2022-12-08,Webcam HD,Electronics,South America,Online,Cust_0017,11,79,874.39,582.23
2022-07-13,Webcam HD,Electronics,Middle East,Wholesale,Cust_0007,5,79,340.07,264.65
2023-01-18,Standing Desk,Furniture,Middle East,Retail,Cust_0025,23,429,9026.74,8090.94
2023-02-09,USB-C Dock,Electronics,Asia Pacific,Online,Cust_0024,22,99,1861.88,1524.6
2023-05-20,Noise-cancelling Mic,Electronics,South America,Wholesale,Cust_0027,4,149,579.98,464.88
2023-07-05,Power Bank,Accessories,Middle East,Wholesale,Cust_0022,18,49,779.7,493.92
2023-01-06,Webcam HD,Electronics,Europe,Partner,Cust_0036,14,79,1137.49,741.02
2023-09-29,Standing Desk,Furniture,Asia Pacific,Wholesale,Cust_0040,10,429,4853.58,3517.8
2022-10-19,Laptop Stand,Accessories,North America,Online,Cust_0040,4,39,176.24,65.52
2022-10-24,Webcam HD,Electronics,South America,Online,Cust_0033,24,79,1942.21,1270.32
2022-08-12,Cable Organizer,Accessories,Europe,Wholesale,Cust_0015,10,15,162.46,52.5
2023-08-04,Laptop Stand,Accessories,North America,Wholesale,Cust_0023,7,39,311.3,114.66
2023-10-28,Standing Desk,Furniture,North America,Wholesale,Cust_0024,21,429,9771.69,7387.38
2023-12-11,Desk Lamp,Home,Asia Pacific,Partner,Cust_0027,9,45,426.06,202.5
2022-07-14,Fitness Tracker,Electronics,North America,Online,Cust_0002,14,139,1743.64,1381.66
2023-07-28,Power Bank,Accessories,Asia Pacific,Partner,Cust_0011,17,49,947.74,466.48
2023-09-23,USB-C Dock,Electronics,Europe,Wholesale,Cust_0040,18,99,1859.21,1247.4
2022-08-31,Smart Speaker,Electronics,Europe,Wholesale,Cust_0025,19,119,2584.79,1401.82
2023-01-03,Standing Desk,Furniture,South America,Retail,Cust_0015,11,429,4152.12,3869.58
2022-11-16,Noise-cancelling Mic,Electronics,Asia Pacific,Wholesale,Cust_0036,4,149,535.04,464.88
2023-06-05,USB-C Dock,Electronics,North America,Online,Cust_0028,3,99,253.48,207.9
2022-12-13,Wireless Headphones,Electronics,Middle East,Online,Cust_0025,20,89,1526.5,1032.4
2022-11-20,Webcam HD,Electronics,Europe,Partner,Cust_0016,21,79,1734.91,1111.53
2023-02-22,Desk Lamp,Home,South America,Retail,Cust_0017,7,45,330.05,157.5
2023-04-17,Laptop Stand,Accessories,Middle East,Online,Cust_0007,5,39,172.24,81.9
2022-11-12,Laptop Stand,Accessories,Asia Pacific,Partner,Cust_0012,5,39,171.18,81.9
2023-11-28,Power Bank,Accessories,South America,Retail,Cust_0007,12,49,586.42,329.28
2022-08-01,Standing Desk,Furniture,North America,Wholesale,Cust_0014,3,429,1359.33,1055.34
2023-07-29,Fitness Tracker,Electronics,Europe,Wholesale,Cust_0012,11,139,1436.69,1085.59
2023-01-08,Cable Organizer,Accessories,North America,Online,Cust_0022,19,15,327.21,99.75
2023-11-17,Monitor 27in,Electronics,Europe,Online,Cust_0034,20,299,6413.6,3588.0
2022-11-11,USB-C Dock,Electronics,Middle East,Online,Cust_0002,20,99,1990.69,1386.0
2022-12-13,USB-C Dock,Electronics,Europe,Online,Cust_0002,12,99,1126.54,831.6
2023-02-20,Laptop Stand,Accessories,Asia Pacific,Retail,Cust_0018,24,39,930.83,393.12
2022-10-12,Ergonomic Chair,Furniture,South America,Partner,Cust_0032,23,249,5617.15,4295.25
2023-08-23,Fitness Tracker,Electronics,Europe,Partner,Cust_0013,7,139,1027.6,690.83
2023-04-23,Standing Desk,Furniture,Europe,Partner,Cust_0014,4,429,1949.6,1407.12
2023-11-21,Standing Desk,Furniture,Middle East,Wholesale,Cust_0018,15,429,7044.83,5276.7
2022-10-28,Monitor 27in,Electronics,Europe,Wholesale,Cust_0037,13,299,3715.48,2332.2
2022-09-13,Webcam HD,Electronics,Middle East,Online,Cust_0017,6,79,486.35,317.58
2023-05-06,Monitor 27in,Electronics,South America,Partner,Cust_0002,21,299,5553.12,3767.4
2023-06-05,Standing Desk,Furniture,Europe,Partner,Cust_0005,6,429,2354.07,2110.68
2023-07-25,Ergonomic Chair,Furniture,North America,Partner,Cust_0001,5,249,1177.24,933.75
2022-07-21,Desk Mat,Accessories,South America,Retail,Cust_0037,11,29,347.25,165.88
2023-03-05,Noise-cancelling Mic,Electronics,Asia Pacific,Wholesale,Cust_0039,3,149,408.4,348.66
2023-02-17,Laptop Stand,Accessories,Middle East,Partner,Cust_0005,18,39,717.57,294.84
2023-09-14,Cable Organizer,Accessories,Asia Pacific,Wholesale,Cust_0021,25,15,341.04,131.25
2022-08-29,Smart Speaker,Electronics,North America,Wholesale,Cust_0018,16,119,1859.01,1180.48
2022-11-14,Webcam HD,Electronics,Middle East,Partner,Cust_0025,6,79,436.52,317.58
2022-07-31,Desk Lamp,Home,South America,Online,Cust_0019,1,45,40.02,22.5
2023-08-26,Wireless Headphones,Electronics,Asia Pacific,Online,Cust_0002,18,89,1395.08,929.16
2022-10-15,Power Bank,Accessories,Asia Pacific,Partner,Cust_0021,14,49,738.21,384.16
2023-08-23,Laptop Stand,Accessories,South America,Partner,Cust_0040,18,39,606.61,294.84
2023-05-11,Desk Mat,Accessories,North America,Wholesale,Cust_0024,15,29,492.12,226.2
2022-10-23,Wireless Headphones,Electronics,North America,Online,Cust_0009,8,89,627.66,412.96
2023-06-05,Power Bank,Accessories,Europe,Wholesale,Cust_0011,23,49,987.71,631.12
2023-07-22,Power Bank,Accessories,North America,Online,Cust_0017,18,49,983.43,493.92
2022-08-23,Laptop Stand,Accessories,North America,Partner,Cust_0017,2,39,74.01,32.76
2023-08-02,Desk Lamp,Home,Europe,Retail,Cust_0038,23,45,1022.8,517.5
2022-11-16,Ergonomic Chair,Furniture,South America,Wholesale,Cust_0008,5,249,1253.13,933.75
2023-03-13,Monitor 27in,Electronics,Asia Pacific,Wholesale,Cust_0021,16,299,5175.3,2870.4
2023-11-16,USB-C Dock,Electronics,Asia Pacific,Partner,Cust_0006,3,99,283.9,207.9
2023-03-15,Cable Organizer,Accessories,North America,Retail,Cust_0005,21,15,359.58,110.25
2022-09-09,USB-C Dock,Electronics,South America,Retail,Cust_0025,1,99,89.73,69.3
2022-10-25,Ergonomic Chair,Furniture,Asia Pacific,Partner,Cust_0030,7,249,1824.2,1307.25
2023-12-08,Laptop Stand,Accessories,Asia Pacific,Retail,Cust_0025,5,39,222.79,81.9
2023-12-17,USB-C Dock,Electronics,Europe,Wholesale,Cust_0005,25,99,2310.05,1732.5
2022-12-25,Cable Organizer,Accessories,Europe,Online,Cust_0030,10,15,166.93,52.5
2022-10-30,USB-C Dock,Electronics,Europe,Wholesale,Cust_0018,1,99,85.0,69.3
2023-10-16,Ergonomic Chair,Furniture,Middle East,Online,Cust_0006,9,249,2143.13,1680.75
2023-02-12,Mechanical Keyboard,Electronics,Middle East,Wholesale,Cust_0022,13,129,1452.19,1090.05
2023-04-15,Ergonomic Chair,Furniture,South America,Online,Cust_0028,4,249,904.55,747.0
2023-01-19,Standing Desk,Furniture,Middle East,Partner,Cust_0039,6,429,2569.07,2110.68
2023-09-26,Laptop Stand,Accessories,Europe,Online,Cust_0008,22,39,785.82,360.36
2022-09-02,Fitness Tracker,Electronics,Europe,Partner,Cust_0005,2,139,280.68,197.38
2023-04-18,USB-C Dock,Electronics,South America,Wholesale,Cust_0026,20,99,1743.17,1386.0
2023-04-10,Webcam HD,Electronics,Europe,Retail,Cust_0023,7,79,575.71,370.51
2023-04-30,Desk Mat,Accessories,Europe,Online,Cust_0033,1,29,32.55,15.08
2023-11-10,Desk Mat,Accessories,Europe,Retail,Cust_0021,10,29,305.79,150.8
2022-12-27,Mechanical Keyboard,Electronics,Europe,Wholesale,Cust_0001,11,129,1489.68,922.35
2023-09-21,Ergonomic Chair,Furniture,Asia Pacific,Retail,Cust_0005,1,249,224.4,186.75
2022-07-19,Monitor 27in,Electronics,Middle East,Wholesale,Cust_0001,12,299,3575.41,2152.8
2023-03-20,Webcam HD,Electronics,North America,Online,Cust_0037,4,79,333.07,211.72
2023-05-03,Power Bank,Accessories,Europe,Retail,Cust_0007,8,49,344.96,219.52
2023-06-18,Webcam HD,Electronics,Middle East,Partner,Cust_0017,16,79,1325.96,846.88
2023-03-26,Ergonomic Chair,Furniture,Asia Pacific,Online,Cust_0020,15,249,3970.48,2801.25
2023-12-22,Smart Speaker,Electronics,North America,Wholesale,Cust_0018,22,119,2763.91,1623.16
2022-07-31,Mechanical Keyboard,Electronics,Europe,Retail,Cust_0023,14,129,1804.83,1173.9
2023-03-17,Monitor 27in,Electronics,Asia Pacific,Wholesale,Cust_0014,24,299,7702.07,4305.6
2023-01-24,Fitness Tracker,Electronics,Asia Pacific,Online,Cust_0035,13,139,2023.42,1282.97
2023-10-13,Fitness Tracker,Electronics,Asia Pacific,Retail,Cust_0023,17,139,2638.05,1677.73
2023-08-14,Monitor 27in,Electronics,Asia Pacific,Partner,Cust_0013,14,299,3609.71,2511.6
2023-12-24,Desk Mat,Accessories,South America,Online,Cust_0030,11,29,325.38,165.88
2023-06-30,Desk Lamp,Home,South America,Online,Cust_0010,4,45,178.18,90.0
2022-12-10,Noise-cancelling Mic,Electronics,Asia Pacific,Retail,Cust_0032,10,149,1395.35,1162.2
2023-05-07,Wireless Headphones,Electronics,Europe,Online,Cust_0019,15,89,1465.35,774.3
2022-11-13,Wireless Headphones,Electronics,North America,Partner,Cust_0028,16,89,1360.88,825.92
2022-07-10,Wireless Headphones,Electronics,Asia Pacific,Retail,Cust_0019,9,89,869.55,464.58
2023-12-06,Cable Organizer,Accessories,North America,Retail,Cust_0018,25,15,334.8,131.25
2023-01-27,Standing Desk,Furniture,Asia Pacific,Online,Cust_0015,19,429,7006.93,6683.82
2023-07-08,USB-C Dock,Electronics,South America,Wholesale,Cust_0026,22,99,2483.08,1524.6
2022-10-18,Fitness Tracker,Electronics,Middle East,Partner,Cust_0020,9,139,1128.39,888.21
2023-09-29,Cable Organizer,Accessories,Europe,Retail,Cust_0017,11,15,146.97,57.75
2023-01-30,Desk Lamp,Home,Asia Pacific,Online,Cust_0037,10,45,507.66,225.0
2023-10-25,Noise-cancelling Mic,Electronics,South America,Wholesale,Cust_0007,6,149,797.08,697.32
2023-10-05,Desk Mat,Accessories,South America,Partner,Cust_0023,11,29,312.08,165.88
2023-09-13,Standing Desk,Furniture,Middle East,Online,Cust_0002,15,429,7318.19,5276.7
2023-09-14,Laptop Stand,Accessories,Middle East,Retail,Cust_0020,25,39,1058.84,409.5
2023-12-16,Ergonomic Chair,Furniture,North America,Partner,Cust_0026,5,249,1105.29,933.75
2022-07-16,Webcam HD,Electronics,North America,Wholesale,Cust_0006,25,79,1711.16,1323.25
2022-10-27,Ergonomic Chair,Furniture,Asia Pacific,Online,Cust_0037,20,249,4952.31,3735.0
2023-06-14,Power Bank,Accessories,Middle East,Online,Cust_0033,2,49,105.04,54.88
2022-09-02,Desk Mat,Accessories,Middle East,Retail,Cust_0032,7,29,180.86,105.56
2022-12-15,Desk Lamp,Home,North America,Partner,Cust_0032,21,45,980.06,472.5
2023-01-31,Laptop Stand,Accessories,Europe,Online,Cust_0039,3,39,130.33,49.14
2023-12-24,Laptop Stand,Accessories,North America,Retail,Cust_0031,8,39,267.51,131.04
2023-12-09,Webcam HD,Electronics,North America,Online,Cust_0020,13,79,997.59,688.09
2023-01-14,Power Bank,Accessories,Middle East,Partner,Cust_0029,8,49,434.26,219.52
2022-11-13,Standing Desk,Furniture,Europe,Online,Cust_0010,5,429,2349.99,1758.9
2023-03-13,Mechanical Keyboard,Electronics,South America,Retail,Cust_0031,17,129,2054.86,1425.45
2022-10-20,Monitor 27in,Electronics,Asia Pacific,Partner,Cust_0026,16,299,4620.13,2870.4
2022-10-27,Webcam HD,Electronics,Europe,Wholesale,Cust_0002,14,79,1034.14,741.02
2022-11-10,Monitor 27in,Electronics,Middle East,Online,Cust_0020,13,299,3343.69,2332.2
2023-10-08,Wireless Headphones,Electronics,South America,Retail,Cust_0030,12,89,996.52,619.44
2022-12-19,Ergonomic Chair,Furniture,Asia Pacific,Retail,Cust_0034,17,249,4094.1,3174.75
2022-09-12,Mechanical Keyboard,Electronics,Asia Pacific,Retail,Cust_0037,21,129,2578.39,1760.85
2022-11-30,Desk Lamp,Home,South America,Partner,Cust_0005,25,45,1265.45,562.5
2023-11-17,Standing Desk,Furniture,Middle East,Retail,Cust_0033,16,429,7431.1,5628.48
2023-12-30,Desk Lamp,Home,Middle East,Partner,Cust_0038,5,45,214.75,112.5
2023-08-27,Laptop Stand,Accessories,Europe,Online,Cust_0015,2,39,68.56,32.76
2022-10-26,Webcam HD,Electronics,Asia Pacific,Wholesale,Cust_0015,22,79,1988.96,1164.46
2023-03-09,Laptop Stand,Accessories,South America,Wholesale,Cust_0005,6,39,203.25,98.28
2023-03-23,Laptop Stand,Accessories,South America,Online,Cust_0024,2,39,80.49,32.76
2022-08-09,Fitness Tracker,Electronics,North America,Partner,Cust_0029,6,139,803.38,592.14
2023-01-30,USB-C Dock,Electronics,South America,Wholesale,Cust_0019,9,99,817.63,623.7
2022-12-22,Standing Desk,Furniture,North America,Retail,Cust_0038,17,429,6252.09,5980.26
2022-10-16,USB-C Dock,Electronics,North America,Retail,Cust_0024,2,99,214.3,138.6
2022-09-21,Ergonomic Chair,Furniture,Europe,Wholesale,Cust_0014,6,249,1525.54,1120.5
2023-11-07,Noise-cancelling Mic,Electronics,Middle East,Partner,Cust_0036,12,149,1977.58,1394.64
2022-09-16,Webcam HD,Electronics,North America,Wholesale,Cust_0037,14,79,966.03,741.02
2023-12-21,Desk Lamp,Home,South America,Online,Cust_0015,4,45,155.78,90.0
2023-06-13,Wireless Headphones,Electronics,Asia Pacific,Partner,Cust_0025,8,89,755.42,412.96
2022-09-17,Power Bank,Accessories,North America,Partner,Cust_0035,6,49,300.65,164.64
2023-12-22,Fitness Tracker,Electronics,South America,Partner,Cust_0040,20,139,2410.24,1973.8
2022-10-31,Monitor 27in,Electronics,North America,Partner,Cust_0003,16,299,4551.56,2870.4
2023-04-03,USB-C Dock,Electronics,Europe,Online,Cust_0014,11,99,1104.38,762.3
2023-06-12,Fitness Tracker,Electronics,Europe,Online,Cust_0032,25,139,3029.76,2467.25
2022-08-15,Ergonomic Chair,Furniture,Middle East,Wholesale,Cust_0040,3,249,843.22,560.25
2023-11-12,Mechanical Keyboard,Electronics,North America,Online,Cust_0003,9,129,1159.81,754.65
2023-02-25,Cable Organizer,Accessories,South America,Wholesale,Cust_0020,12,15,195.2,63.0
2023-02-28,Wireless Headphones,Electronics,Europe,Online,Cust_0035,2,89,183.77,103.24
2023-08-02,Cable Organizer,Accessories,Middle East,Online,Cust_0031,22,15,285.66,115.5
2023-07-31,Desk Mat,Accessories,South America,Wholesale,Cust_0036,5,29,129.24,75.4
2023-10-01,Laptop Stand,Accessories,Asia Pacific,Partner,Cust_0013,20,39,743.29,327.6
2022-09-07,USB-C Dock,Electronics,Middle East,Online,Cust_0001,8,99,727.17,554.4
2022-08-25,Smart Speaker,Electronics,North America,Retail,Cust_0005,1,119,103.17,73.78
2023-10-02,Mechanical Keyboard,Electronics,Asia Pacific,Online,Cust_0023,10,129,1329.63,838.5
2023-03-17,Desk Lamp,Home,South America,Wholesale,Cust_0008,5,45,235.57,112.5
2022-09-26,Desk Lamp,Home,South America,Retail,Cust_0023,18,45,906.63,405.0
2023-02-20,Webcam HD,Electronics,Asia Pacific,Partner,Cust_0036,23,79,1703.99,1217.39
2023-03-17,Noise-cancelling Mic,Electronics,Middle East,Partner,Cust_0033,9,149,1181.84,1045.98
2023-06-29,Fitness Tracker,Electronics,Asia Pacific,Wholesale,Cust_0006,14,139,1772.94,1381.66
2022-11-27,Power Bank,Accessories,Asia Pacific,Retail,Cust_0036,17,49,760.72,466.48
2023-07-26,Desk Mat,Accessories,Europe,Online,Cust_0029,5,29,151.52,75.4
2023-10-17,Laptop Stand,Accessories,North America,Wholesale,Cust_0018,1,39,36.4,16.38
2023-08-07,Desk Lamp,Home,Asia Pacific,Online,Cust_0040,3,45,130.3,67.5
2022-07-29,Power Bank,Accessories,South America,Wholesale,Cust_0003,13,49,584.34,356.72
2023-08-02,Mechanical Keyboard,Electronics,Middle East,Wholesale,Cust_0004,22,129,2974.57,1844.7
2022-08-11,Noise-cancelling Mic,Electronics,North America,Partner,Cust_0039,25,149,4009.38,2905.5
2023-06-19,Fitness Tracker,Electronics,North America,Retail,Cust_0022,9,139,1335.74,888.21
2023-09-27,Power Bank,Accessories,North America,Online,Cust_0036,14,49,662.97,384.16
2023-04-30,Power Bank,Accessories,South America,Wholesale,Cust_0037,18,49,940.01,493.92
2023-12-23,Desk Lamp,Home,South America,Wholesale,Cust_0016,6,45,240.18,135.0
2022-07-25,Desk Lamp,Home,North America,Partner,Cust_0016,22,45,1070.59,495.0
2023-05-08,Ergonomic Chair,Furniture,North America,Wholesale,Cust_0040,19,249,4410.62,3548.25
2023-04-11,Cable Organizer,Accessories,North America,Online,Cust_0020,9,15,137.77,47.25
2023-06-03,Power Bank,Accessories,South America,Retail,Cust_0030,9,49,377.13,246.96
2022-07-19,Webcam HD,Electronics,South America,Partner,Cust_0036,2,79,144.63,105.86
2022-09-07,Monitor 27in,Electronics,Middle East,Partner,Cust_0036,3,299,846.95,538.2
2022-09-13,Webcam HD,Electronics,Asia Pacific,Partner,Cust_0017,6,79,526.48,317.58
2022-11-17,USB-C Dock,Electronics,Europe,Retail,Cust_0040,21,99,2176.28,1455.3
2023-03-05,Laptop Stand,Accessories,Europe,Online,Cust_0033,21,39,907.59,343.98
2023-05-30,Wireless Headphones,Electronics,North America,Retail,Cust_0017,18,89,1830.42,929.16
2022-07-26,Cable Organizer,Accessories,Middle East,Online,Cust_0016,12,15,171.89,63.0
2022-09-27,Noise-cancelling Mic,Electronics,Middle East,Online,Cust_0005,15,149,2058.64,1743.3
2023-06-08,Monitor 27in,Electronics,North America,Wholesale,Cust_0028,12,299,3992.57,2152.8
2022-12-03,Wireless Headphones,Electronics,Asia Pacific,Partner,Cust_0027,11,89,1095.71,567.82
2023-07-28,Webcam HD,Electronics,Europe,Online,Cust_0024,10,79,682.07,529.3
2022-12-10,Fitness Tracker,Electronics,North America,Online,Cust_0039,19,139,2412.41,1875.11
2023-05-26,Noise-cancelling Mic,Electronics,Europe,Partner,Cust_0025,23,149,3767.02,2673.06
2022-08-12,Cable Organizer,Accessories,South America,Retail,Cust_0006,24,15,409.16,126.0
2023-02-24,Monitor 27in,Electronics,Middle East,Wholesale,Cust_0008,17,299,5613.05,3049.8
2024-01-01,Smart Speaker,Electronics,Middle East,Wholesale,Cust_0034,2,119,233.79,147.56
2023-04-11,USB-C Dock,Electronics,Europe,Partner,Cust_0022,19,99,1736.02,1316.7
2023-07-15,USB-C Dock,Electronics,North America,Partner,Cust_0016,15,99,1460.5,1039.5
2023-09-02,Ergonomic Chair,Furniture,Middle East,Partner,Cust_0033,3,249,652.08,560.25
2023-07-15,Cable Organizer,Accessories,South America,Retail,Cust_0027,16,15,220.54,84.0
2022-11-15,Fitness Tracker,Electronics,South America,Retail,Cust_0038,18,139,2626.53,1776.42
2023-04-02,Smart Speaker,Electronics,Asia Pacific,Partner,Cust_0008,10,119,1040.6,737.8
2023-09-14,Noise-cancelling Mic,Electronics,Europe,Wholesale,Cust_0012,5,149,829.13,581.1
2022-07-25,Mechanical Keyboard,Electronics,Asia Pacific,Wholesale,Cust_0036,4,129,548.72,335.4
2023-11-03,Desk Mat,Accessories,North America,Retail,Cust_0028,4,29,99.43,60.32
2022-12-27,Laptop Stand,Accessories,South America,Wholesale,Cust_0023,5,39,173.21,81.9
2023-03-14,Desk Mat,Accessories,Asia Pacific,Online,Cust_0022,10,29,297.96,150.8
2022-10-28,Desk Mat,Accessories,Asia Pacific,Online,Cust_0029,2,29,65.15,30.16
2023-10-13,Desk Mat,Accessories,South America,Partner,Cust_0009,14,29,434.43,211.12
2023-12-13,Laptop Stand,Accessories,Middle East,Online,Cust_0038,5,39,187.39,81.9
2023-10-17,Standing Desk,Furniture,Europe,Wholesale,Cust_0033,11,429,5034.04,3869.58
2023-04-22,Smart Speaker,Electronics,Asia Pacific,Retail,Cust_0032,4,119,453.31,295.12
2023-12-22,Fitness Tracker,Electronics,Asia Pacific,Wholesale,Cust_0021,17,139,2280.82,1677.73
2023-01-08,Mechanical Keyboard,Electronics,South America,Retail,Cust_0034,2,129,240.84,167.7
2023-05-27,Laptop Stand,Accessories,Europe,Partner,Cust_0008,12,39,438.21,196.56
2023-11-20,Webcam HD,Electronics,Asia Pacific,Retail,Cust_0017,8,79,724.68,423.44
2022-10-26,Fitness Tracker,Electronics,Europe,Partner,Cust_0007,8,139,1014.2,789.52
2023-12-12,Smart Speaker,Electronics,Middle East,Online,Cust_0003,6,119,812.5,442.68
2023-01-25,Wireless Headphones,Electronics,Asia Pacific,Online,Cust_0014,16,89,1330.8,825.92
2023-09-19,Desk Mat,Accessories,South America,Retail,Cust_0019,15,29,489.55,226.2
2022-11-09,Webcam HD,Electronics,Asia Pacific,Wholesale,Cust_0006,14,79,1226.94,741.02
2023-04-21,Desk Mat,Accessories,Asia Pacific,Online,Cust_0006,22,29,684.75,331.76
2023-02-22,Desk Mat,Accessories,Europe,Partner,Cust_0033,3,29,82.7,45.24
2023-10-17,Cable Organizer,Accessories,Asia Pacific,Online,Cust_0003,24,15,352.8,126.0
2023-12-25,Ergonomic Chair,Furniture,North America,Online,Cust_0016,7,249,1553.12,1307.25
2023-07-30,Power Bank,Accessories,Asia Pacific,Retail,Cust_0031,8,49,351.01,219.52
2023-01-17,Desk Mat,Accessories,Europe,Partner,Cust_0013,16,29,482.76,241.28
2022-10-08,Noise-cancelling Mic,Electronics,North America,Retail,Cust_0028,24,149,3111.76,2789.28
2023-02-08,Desk Mat,Accessories,South America,Online,Cust_0017,6,29,179.92,90.48
2023-03-07,Cable Organizer,Accessories,Middle East,Wholesale,Cust_0012,12,15,200.41,63.0
2023-03-04,Fitness Tracker,Electronics,South America,Wholesale,Cust_0026,10,139,1430.8,986.9
2023-11-14,Desk Lamp,Home,North America,Retail,Cust_0019,4,45,175.66,90.0
2023-10-10,Ergonomic Chair,Furniture,North America,Wholesale,Cust_0012,8,249,1970.93,1494.0
2023-06-01,Cable Organizer,Accessories,South America,Partner,Cust_0009,4,15,64.93,21.0
2023-11-17,Power Bank,Accessories,Europe,Wholesale,Cust_0002,16,49,734.83,439.04
2023-12-11,USB-C Dock,Electronics,Middle East,Online,Cust_0021,14,99,1286.88,970.2
2023-05-31,Standing Desk,Furniture,South America,Wholesale,Cust_0026,13,429,5176.63,4573.14
2022-09-03,Desk Lamp,Home,Asia Pacific,Retail,Cust_0003,16,45,678.64,360.0
2023-09-02,USB-C Dock,Electronics,Middle East,Retail,Cust_0014,19,99,2038.75,1316.7
2022-10-30,Monitor 27in,Electronics,Europe,Partner,Cust_0039,20,299,6051.34,3588.0
2022-07-31,Smart Speaker,Electronics,Asia Pacific,Online,Cust_0023,13,119,1670.84,959.14
2022-09-12,Cable Organizer,Accessories,Asia Pacific,Retail,Cust_0035,2,15,27.29,10.5
2022-12-17,Power Bank,Accessories,Europe,Wholesale,Cust_0019,18,49,961.72,493.92
2023-07-27,Ergonomic Chair,Furniture,Middle East,Retail,Cust_0016,14,249,3946.17,2614.5
2022-08-15,Power Bank,Accessories,Middle East,Online,Cust_0026,1,49,53.28,27.44
2022-08-22,Mechanical Keyboard,Electronics,North America,Partner,Cust_0015,10,129,1340.91,838.5
2023-03-20,Wireless Headphones,Electronics,South America,Online,Cust_0026,9,89,712.38,464.58
2023-04-12,Power Bank,Accessories,North America,Online,Cust_0033,3,49,156.8,82.32
2023-09-08,Wireless Headphones,Electronics,North America,Retail,Cust_0038,1,89,96.81,51.62
2023-01-24,Power Bank,Accessories,Asia Pacific,Partner,Cust_0028,20,49,983.63,548.8
2022-08-02,Desk Lamp,Home,Europe,Wholesale,Cust_0007,9,45,376.36,202.5
2023-11-04,Standing Desk,Furniture,North America,Wholesale,Cust_0015,10,429,4890.88,3517.8
2023-04-21,Webcam HD,Electronics,South America,Retail,Cust_0002,10,79,906.88,529.3
2023-08-17,Ergonomic Chair,Furniture,South America,Online,Cust_0015,25,249,6370.44,4668.75
2022-08-04,Standing Desk,Furniture,South America,Retail,Cust_0024,25,429,10650.37,8794.5
2022-10-29,Cable Organizer,Accessories,Europe,Partner,Cust_0006,10,15,131.79,52.5
2022-12-30,USB-C Dock,Electronics,North America,Retail,Cust_0010,16,99,1538.0,1108.8
2023-11-06,Noise-cancelling Mic,Electronics,North America,Retail,Cust_0032,24,149,3309.97,2789.28
2023-05-24,Desk Mat,Accessories,North America,Retail,Cust_0021,11,29,337.09,165.88
2023-08-30,Power Bank,Accessories,Europe,Partner,Cust_0036,1,49,53.33,27.44
2023-12-03,Ergonomic Chair,Furniture,Asia Pacific,Retail,Cust_0030,21,249,5556.65,3921.75
2023-12-18,Noise-cancelling Mic,Electronics,North America,Online,Cust_0028,24,149,3789.76,2789.28
2023-07-29,Mechanical Keyboard,Electronics,Europe,Online,Cust_0034,25,129,3465.08,2096.25
2022-12-27,USB-C Dock,Electronics,North America,Online,Cust_0028,15,99,1482.85,1039.5
2023-12-29,Webcam HD,Electronics,South America,Wholesale,Cust_0001,5,79,370.91,264.65
2023-09-28,Desk Lamp,Home,Middle East,Partner,Cust_0021,24,45,1117.29,540.0
2023-07-25,Monitor 27in,Electronics,Europe,Retail,Cust_0019,21,299,6322.8,3767.4
2023-02-04,Smart Speaker,Electronics,Middle East,Partner,Cust_0039,20,119,2202.38,1475.6
2023-10-26,USB-C Dock,Electronics,Europe,Retail,Cust_0034,11,99,1159.27,762.3
2023-11-07,Wireless Headphones,Electronics,Europe,Wholesale,Cust_0010,11,89,970.33,567.82
2022-07-15,Desk Lamp,Home,Europe,Retail,Cust_0007,23,45,1046.72,517.5
2023-06-13,Laptop Stand,Accessories,Middle East,Wholesale,Cust_0011,2,39,67.86,32.76
2023-02-26,Ergonomic Chair,Furniture,Europe,Online,Cust_0018,21,249,4890.46,3921.75
2023-09-19,Monitor 27in,Electronics,Asia Pacific,Partner,Cust_0040,24,299,7750.77,4305.6
2023-03-27,Noise-cancelling Mic,Electronics,North America,Retail,Cust_0038,18,149,2402.34,2091.96
2023-02-16,Desk Lamp,Home,Middle East,Partner,Cust_0007,6,45,239.76,135.0
2023-12-26,Monitor 27in,Electronics,Asia Pacific,Wholesale,Cust_0037,21,299,6791.33,3767.4
2023-04-19,Smart Speaker,Electronics,Europe,Wholesale,Cust_0011,24,119,2429.89,1770.72
2023-03-04,USB-C Dock,Electronics,Europe,Retail,Cust_0011,3,99,294.81,207.9
2022-07-10,Ergonomic Chair,Furniture,Europe,Online,Cust_0033,3,249,815.85,560.25
2023-09-18,Cable Organizer,Accessories,Asia Pacific,Partner,Cust_0033,16,15,258.72,84.0
2023-03-13,Noise-cancelling Mic,Electronics,South America,Wholesale,Cust_0031,13,149,1852.74,1510.86
2023-12-26,Ergonomic Chair,Furniture,Middle East,Online,Cust_0014,17,249,4811.26,3174.75
2023-04-20,Desk Mat,Accessories,Middle East,Wholesale,Cust_0029,5,29,144.57,75.4
2023-03-23,Cable Organizer,Accessories,Asia Pacific,Wholesale,Cust_0012,4,15,51.46,21.0
2023-07-19,Power Bank,Accessories,South America,Partner,Cust_0014,15,49,760.79,411.6
2023-01-21,Standing Desk,Furniture,North America,Retail,Cust_0013,12,429,5058.55,4221.36
2023-12-30,USB-C Dock,Electronics,Asia Pacific,Partner,Cust_0007,1,99,111.21,69.3
2023-03-26,Noise-cancelling Mic,Electronics,North America,Partner,Cust_0018,1,149,155.33,116.22
2023-08-21,Wireless Headphones,Electronics,Asia Pacific,Partner,Cust_0004,23,89,2336.33,1187.26
2022-08-10,Power Bank,Accessories,Middle East,Wholesale,Cust_0030,23,49,1123.72,631.12
2023-11-06,Desk Mat,Accessories,North America,Online,Cust_0024,21,29,522.92,316.68
2022-12-13,Desk Mat,Accessories,Europe,Retail,Cust_0006,24,29,679.21,361.92
2022-11-09,Wireless Headphones,Electronics,Asia Pacific,Online,Cust_0007,15,89,1478.34,774.3
2023-04-20,Power Bank,Accessories,Asia Pacific,Online,Cust_0021,7,49,383.93,192.08
2022-12-30,Fitness Tracker,Electronics,Middle East,Partner,Cust_0001,19,139,2990.04,1875.11
2023-08-26,Standing Desk,Furniture,North America,Online,Cust_0013,22,429,10358.34,7739.16
2023-12-05,Mechanical Keyboard,Electronics,North America,Partner,Cust_0012,24,129,3043.43,2012.4
2023-04-18,Monitor 27in,Electronics,Europe,Wholesale,Cust_0001,7,299,1974.43,1255.8
2023-07-04,Laptop Stand,Accessories,Middle East,Wholesale,Cust_0006,11,39,437.52,180.18
2023-10-27,Laptop Stand,Accessories,Europe,Online,Cust_0006,4,39,141.29,65.52
2022-07-30,Smart Speaker,Electronics,Europe,Online,Cust_0024,6,119,705.51,442.68
2023-03-19,Desk Lamp,Home,Europe,Retail,Cust_0020,22,45,857.34,495.0
2023-04-29,Mechanical Keyboard,Electronics,Middle East,Retail,Cust_0021,9,129,1131.04,754.65
2023-01-18,Desk Lamp,Home,Asia Pacific,Retail,Cust_0017,7,45,333.67,157.5
2023-04-06,Laptop Stand,Accessories,Middle East,Partner,Cust_0024,16,39,595.71,262.08
2023-12-27,Webcam HD,Electronics,North America,Retail,Cust_0038,21,79,1602.1,1111.53
2023-02-10,Desk Mat,Accessories,Asia Pacific,Partner,Cust_0014,14,29,386.78,211.12
2023-12-07,Noise-cancelling Mic,Electronics,North America,Partner,Cust_0033,24,149,3869.31,2789.28
2023-03-31,USB-C Dock,Electronics,North America,Partner,Cust_0008,15,99,1492.59,1039.5
2023-01-16,Webcam HD,Electronics,Middle East,Wholesale,Cust_0021,5,79,379.87,264.65
2023-07-31,Cable Organizer,Accessories,Asia Pacific,Online,Cust_0007,19,15,296.07,99.75
2022-07-18,Mechanical Keyboard,Electronics,Asia Pacific,Wholesale,Cust_0022,14,129,1886.12,1173.9
2022-10-20,Mechanical Keyboard,Electronics,Europe,Partner,Cust_0030,12,129,1569.72,1006.2
2022-08-01,Webcam HD,Electronics,Middle East,Wholesale,Cust_0037,20,79,1672.19,1058.6
2023-08-22,Webcam HD,Electronics,Asia Pacific,Partner,Cust_0039,8,79,601.26,423.44
2023-08-24,Desk Lamp,Home,Middle East,Retail,Cust_0007,2,45,87.87,45.0
2023-04-11,Monitor 27in,Electronics,Europe,Online,Cust_0033,13,299,3497.97,2332.2
2023-05-13,Fitness Tracker,Electronics,Middle East,Retail,Cust_0009,20,139,2471.33,1973.8
2023-06-16,Smart Speaker,Electronics,Asia Pacific,Online,Cust_0010,2,119,259.53,147.56
2023-10-22,Standing Desk,Furniture,North America,Wholesale,Cust_0010,6,429,2342.65,2110.68
2023-01-02,Desk Lamp,Home,Europe,Online,Cust_0016,10,45,498.3,225.0
2023-09-30,Laptop Stand,Accessories,Europe,Retail,Cust_0036,24,39,1033.06,393.12
2023-07-28,Wireless Headphones,Electronics,Asia Pacific,Retail,Cust_0007,16,89,1411.53,825.92
2023-08-17,Desk Mat,Accessories,South America,Wholesale,Cust_0030,7,29,215.56,105.56
2022-10-16,Standing Desk,Furniture,Europe,Partner,Cust_0026,5,429,2320.84,1758.9
2023-04-25,Power Bank,Accessories,Middle East,Wholesale,Cust_0026,22,49,1089.03,603.68
2023-06-30,Webcam HD,Electronics,Europe,Online,Cust_0039,22,79,1570.19,1164.46
2023-03-07,Ergonomic Chair,Furniture,Middle East,Partner,Cust_0001,12,249,3087.11,2241.0
2023-08-21,Fitness Tracker,Electronics,Europe,Retail,Cust_0032,3,139,377.97,296.07
2023-02-11,Desk Lamp,Home,Asia Pacific,Online,Cust_0025,14,45,659.11,315.0
2023-09-18,Mechanical Keyboard,Electronics,South America,Partner,Cust_0031,10,129,1109.98,838.5
2023-09-14,Mechanical Keyboard,Electronics,Middle East,Wholesale,Cust_0007,6,129,765.86,503.1
2022-10-02,Ergonomic Chair,Furniture,South America,Online,Cust_0001,22,249,4920.7,4108.5
2022-11-18,Monitor 27in,Electronics,South America,Wholesale,Cust_0001,17,299,5061.86,3049.8
2023-08-25,Standing Desk,Furniture,Asia Pacific,Online,Cust_0028,25,429,9948.45,8794.5
2022-11-05,Monitor 27in,Electronics,South America,Partner,Cust_0022,15,299,4948.08,2691.0
2023-07-18,Laptop Stand,Accessories,Middle East,Wholesale,Cust_0025,6,39,260.0,98.28
2022-09-29,Mechanical Keyboard,Electronics,Middle East,Partner,Cust_0017,1,129,117.3,83.85
2023-10-18,Standing Desk,Furniture,Asia Pacific,Wholesale,Cust_0003,2,429,760.59,703.56
2023-11-23,Webcam HD,Electronics,Middle East,Online,Cust_0024,12,79,877.56,635.16
2023-06-20,Cable Organizer,Accessories,Middle East,Online,Cust_0018,10,15,135.54,52.5
2023-07-10,Standing Desk,Furniture,Asia Pacific,Wholesale,Cust_0020,1,429,446.5,351.78
2022-11-01,Ergonomic Chair,Furniture,Middle East,Online,Cust_0026,24,249,5525.34,4482.0
2022-10-04,Noise-cancelling Mic,Electronics,Europe,Retail,Cust_0032,4,149,583.68,464.88
2023-04-17,Ergonomic Chair,Furniture,Middle East,Retail,Cust_0037,15,249,3688.41,2801.25
2022-09-26,Ergonomic Chair,Furniture,Europe,Online,Cust_0039,12,249,3415.44,2241.0
2022-10-21,Standing Desk,Furniture,Asia Pacific,Online,Cust_0020,17,429,7123.5,5980.26
2022-08-01,Mechanical Keyboard,Electronics,North America,Partner,Cust_0028,24,129,3528.04,2012.4
2023-01-22,Monitor 27in,Electronics,Middle East,Partner,Cust_0033,9,299,2722.61,1614.6
2023-03-16,Desk Mat,Accessories,Middle East,Partner,Cust_0031,2,29,53.04,30.16
2023-09-30,Desk Lamp,Home,Asia Pacific,Retail,Cust_0033,24,45,1135.55,540.0
2023-08-22,Fitness Tracker,Electronics,Asia Pacific,Partner,Cust_0001,6,139,810.78,592.14
2022-07-29,Smart Speaker,Electronics,Asia Pacific,Retail,Cust_0018,14,119,1647.23,1032.92
2023-05-31,Laptop Stand,Accessories,North America,Retail,Cust_0021,8,39,285.89,131.04
2023-04-30,Desk Mat,Accessories,Middle East,Wholesale,Cust_0027,23,29,693.97,346.84
2023-06-11,Noise-cancelling Mic,Electronics,Middle East,Wholesale,Cust_0001,13,149,1845.74,1510.86
2023-06-02,Ergonomic Chair,Furniture,South America,Retail,Cust_0032,15,249,3410.77,2801.25
2022-12-31,Cable Organizer,Accessories,South America,Partner,Cust_0003,13,15,204.4,68.25
2022-09-28,Cable Organizer,Accessories,North America,Partner,Cust_0014,16,15,257.86,84.0
2023-07-23,Desk Lamp,Home,South America,Partner,Cust_0030,10,45,386.49,225.0
2022-12-27,Monitor 27in,Electronics,South America,Wholesale,Cust_0002,12,299,3858.59,2152.8
2023-04-26,Noise-cancelling Mic,Electronics,Europe,Wholesale,Cust_0025,24,149,4027.84,2789.28
2022-11-21,Standing Desk,Furniture,North America,Online,Cust_0026,20,429,7854.92,7035.6
2022-10-31,Monitor 27in,Electronics,Europe,Retail,Cust_0026,10,299,3034.91,1794.0
2023-07-05,Smart Speaker,Electronics,Middle East,Wholesale,Cust_0018,7,119,787.87,516.46
2023-07-16,Cable Organizer,Accessories,Middle East,Partner,Cust_0035,4,15,60.59,21.0
2023-02-25,Power Bank,Accessories,South America,Wholesale,Cust_0019,13,49,699.33,356.72
2023-10-13,Mechanical Keyboard,Electronics,Asia Pacific,Wholesale,Cust_0001,6,129,781.58,503.1
2023-06-17,Smart Speaker,Electronics,North America,Retail,Cust_0025,15,119,1827.92,1106.7
2023-09-11,Standing Desk,Furniture,North America,Retail,Cust_0040,14,429,5509.05,4924.92
2023-12-07,Laptop Stand,Accessories,North America,Wholesale,Cust_0021,20,39,805.7,327.6
2022-12-27,Monitor 27in,Electronics,North America,Wholesale,Cust_0024,21,299,5379.95,3767.4
2023-08-12,Noise-cancelling Mic,Electronics,Europe,Retail,Cust_0030,17,149,2433.5,1975.74
2023-03-12,Mechanical Keyboard,Electronics,Asia Pacific,Retail,Cust_0009,16,129,1935.81,1341.6
2022-08-10,USB-C Dock,Electronics,South America,Wholesale,Cust_0016,19,99,1984.65,1316.7
2023-10-07,USB-C Dock,Electronics,Middle East,Wholesale,Cust_0008,6,99,648.12,415.8
2023-06-14,Power Bank,Accessories,South America,Retail,Cust_0005,6,49,250.51,164.64
2022-08-12,Cable Organizer,Accessories,Middle East,Wholesale,Cust_0031,22,15,365.85,115.5
2022-09-20,Smart Speaker,Electronics,Middle East,Partner,Cust_0008,14,119,1773.85,1032.92
2022-08-03,Webcam HD,Electronics,Asia Pacific,Online,Cust_0026,16,79,1388.49,846.88
2022-08-19,Ergonomic Chair,Furniture,South America,Wholesale,Cust_0008,13,249,2852.08,2427.75
2023-04-04,Smart Speaker,Electronics,Europe,Online,Cust_0024,19,119,2201.92,1401.82
2023-06-22,Mechanical Keyboard,Electronics,Europe,Wholesale,Cust_0017,8,129,907.27,670.8
2022-09-23,Webcam HD,Electronics,Europe,Wholesale,Cust_0017,23,79,1731.12,1217.39
2023-10-08,Ergonomic Chair,Furniture,Middle East,Partner,Cust_0018,15,249,3840.81,2801.25
2022-11-30,Mechanical Keyboard,Electronics,North America,Partner,Cust_0015,17,129,2443.11,1425.45
2023-07-16,Desk Mat,Accessories,Europe,Partner,Cust_0037,10,29,301.65,150.8
2023-11-08,Desk Mat,Accessories,Europe,Partner,Cust_0009,15,29,388.87,226.2
2023-05-05,Power Bank,Accessories,Europe,Partner,Cust_0002,13,49,704.06,356.72
2023-05-16,Mechanical Keyboard,Electronics,Asia Pacific,Online,Cust_0024,19,129,2613.6,1593.15
2023-12-21,Standing Desk,Furniture,Asia Pacific,Retail,Cust_0010,16,429,7043.43,5628.48
2023-12-05,Ergonomic Chair,Furniture,South America,Partner,Cust_0032,17,249,4421.42,3174.75
2023-12-29,Webcam HD,Electronics,South America,Wholesale,Cust_0001,6,79,498.0,317.58
2022-09-14,Ergonomic Chair,Furniture,Europe,Partner,Cust_0015,8,249,1782.89,1494.0
2022-11-09,Cable Organizer,Accessories,South America,Partner,Cust_0030,7,15,107.19,36.75
2022-07-22,Power Bank,Accessories,Europe,Retail,Cust_0024,24,49,1233.95,658.56
2023-08-22,Cable Organizer,Accessories,Middle East,Partner,Cust_0005,4,15,55.89,21.0
2022-09-29,Smart Speaker,Electronics,Middle East,Wholesale,Cust_0034,2,119,220.01,147.56
2023-03-29,Smart Speaker,Electronics,Europe,Retail,Cust_0015,24,119,3018.48,1770.72
2023-10-20,Mechanical Keyboard,Electronics,Middle East,Partner,Cust_0018,2,129,226.37,167.7
2023-01-20,Desk Mat,Accessories,Middle East,Retail,Cust_0020,3,29,75.54,45.24
2023-02-28,USB-C Dock,Electronics,South America,Wholesale,Cust_0007,19,99,1901.84,1316.7
2022-08-31,Ergonomic Chair,Furniture,Europe,Online,Cust_0031,21,249,4627.26,3921.75
2022-10-03,Webcam HD,Electronics,Middle East,Online,Cust_0038,7,79,505.72,370.51
2023-11-20,Desk Lamp,Home,Middle East,Online,Cust_0028,19,45,947.63,427.5
2022-11-01,Desk Mat,Accessories,Middle East,Retail,Cust_0040,15,29,468.35,226.2
2022-07-10,Desk Lamp,Home,Middle East,Wholesale,Cust_0018,25,45,1122.5,562.5
2023-01-06,Ergonomic Chair,Furniture,Middle East,Wholesale,Cust_0019,17,249,4806.28,3174.75
2023-05-12,Desk Lamp,Home,Asia Pacific,Retail,Cust_0018,18,45,853.22,405.0
2023-12-07,Desk Lamp,Home,North America,Wholesale,Cust_0012,21,45,941.48,472.5
2023-06-01,Fitness Tracker,Electronics,South America,Wholesale,Cust_0011,17,139,2135.3,1677.73
2023-09-25,Cable Organizer,Accessories,South America,Online,Cust_0022,10,15,156.2,52.5
2023-01-13,USB-C Dock,Electronics,Europe,Online,Cust_0014,25,99,2331.85,1732.5
2023-05-18,Ergonomic Chair,Furniture,North America,Wholesale,Cust_0020,25,249,7023.45,4668.75
2023-02-10,Monitor 27in,Electronics,Asia Pacific,Retail,Cust_0011,22,299,5970.0,3946.8
2023-08-19,Smart Speaker,Electronics,Middle East,Retail,Cust_0011,6,119,676.66,442.68
2023-12-20,Webcam HD,Electronics,Asia Pacific,Wholesale,Cust_0015,21,79,1874.43,1111.53
2023-11-05,Fitness Tracker,Electronics,Europe,Partner,Cust_0020,10,139,1320.66,986.9
2023-07-07,Power Bank,Accessories,South America,Partner,Cust_0020,24,49,1149.65,658.56
2023-08-16,Smart Speaker,Electronics,South America,Online,Cust_0004,14,119,1900.25,1032.92
2023-07-07,Cable Organizer,Accessories,Asia Pacific,Wholesale,Cust_0002,5,15,82.17,26.25
2023-02-02,USB-C Dock,Electronics,Asia Pacific,Partner,Cust_0024,22,99,1866.77,1524.6
2023-09-20,Smart Speaker,Electronics,Middle East,Partner,Cust_0036,13,119,1657.93,959.14
2023-02-15,Monitor 27in,Electronics,Asia Pacific,Wholesale,Cust_0007,17,299,4434.04,3049.8
2022-12-21,Ergonomic Chair,Furniture,Middle East,Wholesale,Cust_0031,24,249,6786.43,4482.0
2022-08-26,Smart Speaker,Electronics,South America,Wholesale,Cust_0016,22,119,2445.32,1623.16
2023-07-29,Wireless Headphones,Electronics,Asia Pacific,Online,Cust_0018,4,89,360.05,206.48
2023-10-01,Fitness Tracker,Electronics,South America,Online,Cust_0009,10,139,1548.81,986.9
2022-09-23,Ergonomic Chair,Furniture,Europe,Wholesale,Cust_0010,25,249,6392.72,4668.75
2023-01-30,Noise-cancelling Mic,Electronics,Europe,Wholesale,Cust_0021,3,149,456.75,348.66
2023-04-02,Noise-cancelling Mic,Electronics,North America,Partner,Cust_0009,17,149,2739.77,1975.74
2022-09-17,Power Bank,Accessories,Asia Pacific,Partner,Cust_0029,23,49,1210.6,631.12
2023-02-14,Mechanical Keyboard,Electronics,Europe,Wholesale,Cust_0030,11,129,1360.34,922.35
2023-01-29,Cable Organizer,Accessories,Asia Pacific,Partner,Cust_0039,23,15,370.63,120.75
2022-08-02,Mechanical Keyboard,Electronics,South America,Wholesale,Cust_0026,4,129,563.38,335.4
2022-08-28,Power Bank,Accessories,Middle East,Online,Cust_0024,17,49,712.1,466.48
2023-09-30,Wireless Headphones,Electronics,Middle East,Partner,Cust_0032,17,89,1414.34,877.54
2023-06-16,Cable Organizer,Accessories,Middle East,Online,Cust_0006,3,15,51.4,15.75
2022-11-02,Noise-cancelling Mic,Electronics,Middle East,Online,Cust_0030,6,149,923.51,697.32
2023-01-21,Smart Speaker,Electronics,Asia Pacific,Wholesale,Cust_0030,3,119,351.78,221.34
2022-12-12,Cable Organizer,Accessories,Europe,Online,Cust_0037,11,15,157.07,57.75
2024-01-01,Smart Speaker,Electronics,North America,Wholesale,Cust_0026,23,119,2798.37,1696.94
2022-07-16,Monitor 27in,Electronics,North America,Online,Cust_0015,13,299,3679.88,2332.2
2022-12-11,Desk Lamp,Home,Middle East,Partner,Cust_0030,8,45,376.59,180.0
2023-01-31,Smart Speaker,Electronics,Middle East,Partner,Cust_0010,19,119,2049.95,1401.82
2022-12-08,USB-C Dock,Electronics,North America,Retail,Cust_0002,10,99,999.93,693.0
2022-08-19,Smart Speaker,Electronics,North America,Partner,Cust_0021,5,119,661.14,368.9
2023-03-02,Cable Organizer,Accessories,Asia Pacific,Retail,Cust_0011,7,15,102.61,36.75
2023-04-13,USB-C Dock,Electronics,North America,Partner,Cust_0009,7,99,771.51,485.1
2023-10-03,Laptop Stand,Accessories,South America,Online,Cust_0014,13,39,488.81,212.94
2023-10-10,Webcam HD,Electronics,Europe,Retail,Cust_0025,13,79,1054.8,688.09
2022-11-14,Laptop Stand,Accessories,Europe,Online,Cust_0014,6,39,207.35,98.28
2023-11-22,Desk Mat,Accessories,Asia Pacific,Partner,Cust_0027,20,29,526.23,301.6
2022-10-10,Smart Speaker,Electronics,South America,Partner,Cust_0017,17,119,2028.3,1254.26
2023-10-20,Wireless Headphones,Electronics,South America,Wholesale,Cust_0026,1,89,101.32,51.62
2022-10-20,Ergonomic Chair,Furniture,North America,Partner,Cust_0028,12,249,3387.74,2241.0
2023-05-13,USB-C Dock,Electronics,South America,Online,Cust_0031,23,99,1946.28,1593.9
2023-04-17,Desk Mat,Accessories,North America,Partner,Cust_0010,21,29,672.47,316.68
2023-01-07,Monitor 27in,Electronics,Middle East,Retail,Cust_0010,1,299,266.73,179.4
2023-11-03,Smart Speaker,Electronics,Middle East,Online,Cust_0014,2,119,264.16,147.56
2023-05-06,Ergonomic Chair,Furniture,Europe,Wholesale,Cust_0027,20,249,4490.6,3735.0
2023-12-23,Mechanical Keyboard,Electronics,Asia Pacific,Retail,Cust_0008,24,129,3362.15,2012.4
2022-08-09,Webcam HD,Electronics,South America,Partner,Cust_0024,7,79,620.85,370.51
2023-04-07,Monitor 27in,Electronics,North America,Online,Cust_0022,11,299,2823.77,1973.4
2023-11-03,Wireless Headphones,Electronics,South America,Retail,Cust_0003,24,89,2161.3,1238.88
2023-12-29,Mechanical Keyboard,Electronics,North America,Online,Cust_0023,6,129,866.23,503.1
2022-10-12,Standing Desk,Furniture,South America,Online,Cust_0030,3,429,1473.63,1055.34
2023-10-03,Mechanical Keyboard,Electronics,Asia Pacific,Online,Cust_0031,20,129,2556.38,1677.0
2023-03-30,Mechanical Keyboard,Electronics,Middle East,Partner,Cust_0007,11,129,1409.55,922.35
2023-01-26,Mechanical Keyboard,Electronics,Europe,Retail,Cust_0015,8,129,1081.29,670.8
2022-10-15,Desk Mat,Accessories,Middle East,Partner,Cust_0007,13,29,348.7,196.04
2023-03-23,Mechanical Keyboard,Electronics,Asia Pacific,Partner,Cust_0030,24,129,3252.37,2012.4
2023-12-24,Noise-cancelling Mic,Electronics,Europe,Partner,Cust_0021,19,149,2764.77,2208.18
2022-12-05,Monitor 27in,Electronics,South America,Online,Cust_0004,24,299,7809.34,4305.6
2023-01-12,Wireless Headphones,Electronics,Europe,Online,Cust_0011,5,89,431.22,258.1
2022-07-21,Monitor 27in,Electronics,Asia Pacific,Wholesale,Cust_0013,16,299,4968.73,2870.4
2023-08-29,Webcam HD,Electronics,Middle East,Wholesale,Cust_0017,7,79,560.61,370.51
2022-11-07,Desk Mat,Accessories,Asia Pacific,Partner,Cust_0012,9,29,241.84,135.72
2023-11-21,Smart Speaker,Electronics,North America,Wholesale,Cust_0022,18,119,2311.18,1328.04
2023-04-05,Laptop Stand,Accessories,North America,Wholesale,Cust_0035,12,39,415.52,196.56
2023-02-27,Webcam HD,Electronics,Middle East,Online,Cust_0019,4,79,280.57,211.72
2023-06-30,Desk Lamp,Home,Middle East,Wholesale,Cust_0006,15,45,769.42,337.5
2023-12-08,Mechanical Keyboard,Electronics,Europe,Retail,Cust_0015,13,129,1815.81,1090.05
2023-01-29,Desk Mat,Accessories,Middle East,Partner,Cust_0039,24,29,754.45,361.92
2023-12-29,Wireless Headphones,Electronics,Middle East,Partner,Cust_0015,18,89,1695.09,929.16
2022-12-27,Ergonomic Chair,Furniture,Europe,Online,Cust_0040,6,249,1371.31,1120.5
2022-12-12,Noise-cancelling Mic,Electronics,Europe,Wholesale,Cust_0018,20,149,2576.73,2324.4
2023-08-24,Desk Lamp,Home,South America,Wholesale,Cust_0030,13,45,553.75,292.5
2023-05-13,Wireless Headphones,Electronics,Middle East,Partner,Cust_0020,3,89,243.67,154.86
2022-09-16,Wireless Headphones,Electronics,Europe,Wholesale,Cust_0010,25,89,2212.27,1290.5
2022-12-21,Smart Speaker,Electronics,Europe,Wholesale,Cust_0027,8,119,920.87,590.24
2023-01-24,USB-C Dock,Electronics,Europe,Online,Cust_0018,12,99,1059.85,831.6
2023-08-25,Laptop Stand,Accessories,Europe,Retail,Cust_0029,24,39,835.59,393.12
2023-04-18,Smart Speaker,Electronics,North America,Online,Cust_0034,11,119,1234.84,811.58
2022-10-23,Smart Speaker,Electronics,Europe,Wholesale,Cust_0029,21,119,2348.18,1549.38
2022-11-14,Noise-cancelling Mic,Electronics,Europe,Wholesale,Cust_0005,24,149,3983.91,2789.28
2023-06-24,Fitness Tracker,Electronics,South America,Online,Cust_0017,9,139,1105.7,888.21
2023-10-30,Standing Desk,Furniture,South America,Retail,Cust_0019,19,429,7477.65,6683.82
2022-10-23,Laptop Stand,Accessories,Europe,Partner,Cust_0032,24,39,1030.55,393.12
2023-09-25,Standing Desk,Furniture,Asia Pacific,Online,Cust_0018,2,429,962.18,703.56
2023-12-12,Ergonomic Chair,Furniture,Asia Pacific,Partner,Cust_0006,14,249,2976.62,2614.5
2023-11-19,USB-C Dock,Electronics,Europe,Wholesale,Cust_0038,19,99,1843.62,1316.7
2023-04-08,Laptop Stand,Accessories,Middle East,Wholesale,Cust_0039,25,39,1073.69,409.5
2023-07-29,Monitor 27in,Electronics,North America,Wholesale,Cust_0039,17,299,4484.93,3049.8
2022-10-18,Monitor 27in,Electronics,Europe,Online,Cust_0024,4,299,1224.75,717.6
2023-09-14,Power Bank,Accessories,Asia Pacific,Online,Cust_0029,13,49,704.31,356.72
2023-12-27,Wireless Headphones,Electronics,North America,Wholesale,Cust_0014,13,89,1180.23,671.06
2022-08-03,Cable Organizer,Accessories,Asia Pacific,Online,Cust_0027,11,15,179.94,57.75
2023-10-20,Power Bank,Accessories,Asia Pacific,Partner,Cust_0023,9,49,503.65,246.96
2023-03-21,Desk Lamp,Home,Asia Pacific,Online,Cust_0030,15,45,715.32,337.5
2023-04-05,Smart Speaker,Electronics,Middle East,Retail,Cust_0036,6,119,745.76,442.68
2023-08-24,Smart Speaker,Electronics,South America,Retail,Cust_0006,12,119,1356.78,885.36
2023-02-28,Ergonomic Chair,Furniture,North America,Online,Cust_0026,10,249,2350.25,1867.5
2023-12-01,Cable Organizer,Accessories,Europe,Wholesale,Cust_0017,6,15,99.61,31.5
2023-11-19,Ergonomic Chair,Furniture,Asia Pacific,Wholesale,Cust_0011,11,249,3116.41,2054.25
2023-06-05,Wireless Headphones,Electronics,Middle East,Retail,Cust_0020,4,89,399.66,206.48
2023-05-09,Smart Speaker,Electronics,South America,Retail,Cust_0040,18,119,2267.72,1328.04
2023-01-29,Laptop Stand,Accessories,Asia Pacific,Wholesale,Cust_0010,3,39,124.58,49.14
2023-07-07,Standing Desk,Furniture,North America,Wholesale,Cust_0019,5,429,2217.99,1758.9
2022-10-02,Ergonomic Chair,Furniture,North America,Wholesale,Cust_0016,8,249,2020.68,1494.0
2023-04-16,Wireless Headphones,Electronics,Europe,Retail,Cust_0016,16,89,1584.26,825.92
2023-10-03,Cable Organizer,Accessories,North America,Retail,Cust_0019,7,15,96.93,36.75
2022-07-31,Power Bank,Accessories,South America,Wholesale,Cust_0027,20,49,996.56,548.8
2023-01-22,Standing Desk,Furniture,Middle East,Wholesale,Cust_0025,6,429,2764.57,2110.68
2023-07-17,Smart Speaker,Electronics,Asia Pacific,Wholesale,Cust_0024,9,119,1199.54,664.02
2023-03-07,Ergonomic Chair,Furniture,North America,Partner,Cust_0009,18,249,4242.21,3361.5
2023-03-19,Smart Speaker,Electronics,North America,Retail,Cust_0033,18,119,2275.89,1328.04
2023-05-27,Laptop Stand,Accessories,Asia Pacific,Retail,Cust_0036,20,39,855.13,327.6
2023-02-24,Webcam HD,Electronics,South America,Online,Cust_0040,9,79,697.75,476.37
2023-09-29,Laptop Stand,Accessories,Middle East,Online,Cust_0029,6,39,238.14,98.28
2022-09-06,Fitness Tracker,Electronics,Europe,Wholesale,Cust_0005,12,139,1759.08,1184.28
2022-09-14,Desk Mat,Accessories,North America,Partner,Cust_0039,9,29,260.28,135.72
2022-11-23,Standing Desk,Furniture,Asia Pacific,Wholesale,Cust_0035,7,429,3180.66,2462.46
2023-05-17,Ergonomic Chair,Furniture,Europe,Wholesale,Cust_0035,8,249,2278.95,1494.0
2023-05-28,Power Bank,Accessories,Asia Pacific,Online,Cust_0038,1,49,43.41,27.44
2022-09-20,Monitor 27in,Electronics,Europe,Wholesale,Cust_0013,3,299,829.4,538.2
2023-01-09,Power Bank,Accessories,South America,Online,Cust_0008,6,49,279.16,164.64
2022-10-14,Standing Desk,Furniture,South America,Wholesale,Cust_0025,19,429,8631.29,6683.82
2022-11-28,Power Bank,Accessories,North America,Retail,Cust_0020,11,49,515.58,301.84
2023-09-23,Fitness Tracker,Electronics,North America,Wholesale,Cust_0012,9,139,1161.12,888.21
2023-01-31,USB-C Dock,Electronics,Asia Pacific,Online,Cust_0029,12,99,1277.75,831.6
2023-12-28,Desk Lamp,Home,Middle East,Online,Cust_0004,1,45,47.47,22.5
2022-10-15,Mechanical Keyboard,Electronics,North America,Online,Cust_0021,1,129,124.54,83.85
2022-08-07,Smart Speaker,Electronics,North America,Partner,Cust_0012,19,119,2049.7,1401.82
2023-12-02,Mechanical Keyboard,Electronics,Asia Pacific,Retail,Cust_0007,18,129,2581.2,1509.3
2022-12-15,Monitor 27in,Electronics,South America,Retail,Cust_0012,12,299,3595.89,2152.8
2023-10-08,Wireless Headphones,Electronics,Middle East,Online,Cust_0008,20,89,1944.05,1032.4
2023-05-25,Fitness Tracker,Electronics,Asia Pacific,Online,Cust_0012,10,139,1427.57,986.9
2022-12-28,Fitness Tracker,Electronics,Europe,Wholesale,Cust_0039,4,139,498.5,394.76
2023-06-20,Webcam HD,Electronics,South America,Wholesale,Cust_0008,22,79,1825.96,1164.46
2022-09-15,Ergonomic Chair,Furniture,Europe,Partner,Cust_0016,8,249,2267.13,1494.0
2023-11-24,USB-C Dock,Electronics,Asia Pacific,Online,Cust_0004,13,99,1447.85,900.9
2023-11-13,Smart Speaker,Electronics,Middle East,Online,Cust_0006,22,119,2746.42,1623.16
2023-06-03,Fitness Tracker,Electronics,Middle East,Wholesale,Cust_0013,17,139,2208.86,1677.73
2022-11-25,Webcam HD,Electronics,Asia Pacific,Retail,Cust_0028,25,79,1918.26,1323.25
2023-07-31,Laptop Stand,Accessories,South America,Online,Cust_0007,16,39,590.59,262.08
2023-11-17,Monitor 27in,Electronics,South America,Partner,Cust_0019,13,299,4202.83,2332.2
2022-09-04,Noise-cancelling Mic,Electronics,North America,Retail,Cust_0020,2,149,333.05,232.44
2023-01-03,Cable Organizer,Accessories,Middle East,Online,Cust_0002,11,15,142.59,57.75
2023-05-16,Standing Desk,Furniture,Middle East,Partner,Cust_0004,7,429,3294.66,2462.46
2023-09-27,Desk Mat,Accessories,Middle East,Retail,Cust_0024,17,29,519.79,256.36
2022-08-24,Fitness Tracker,Electronics,South America,Online,Cust_0012,7,139,1087.53,690.83
2023-06-02,Laptop Stand,Accessories,South America,Retail,Cust_0014,23,39,916.15,376.74
2022-07-25,Wireless Headphones,Electronics,North America,Retail,Cust_0019,13,89,985.09,671.06
2023-03-13,Cable Organizer,Accessories,South America,Retail,Cust_0015,11,15,158.65,57.75
2023-08-25,Wireless Headphones,Electronics,Middle East,Retail,Cust_0016,5,89,461.26,258.1
2023-03-31,Fitness Tracker,Electronics,Europe,Partner,Cust_0018,14,139,1892.99,1381.66
2022-07-20,Standing Desk,Furniture,Asia Pacific,Wholesale,Cust_0013,14,429,6576.67,4924.92
2023-11-21,Desk Lamp,Home,South America,Online,Cust_0003,20,45,952.92,450.0
2023-10-12,Mechanical Keyboard,Electronics,North America,Retail,Cust_0008,22,129,2510.45,1844.7
2023-11-22,Laptop Stand,Accessories,Europe,Partner,Cust_0017,6,39,265.96,98.28
2023-08-21,Desk Lamp,Home,Asia Pacific,Partner,Cust_0037,18,45,752.04,405.0
2022-11-09,Standing Desk,Furniture,Middle East,Online,Cust_0032,7,429,2733.44,2462.46
2023-12-22,Wireless Headphones,Electronics,North America,Wholesale,Cust_0008,16,89,1308.08,825.92
2023-08-11,Mechanical Keyboard,Electronics,Europe,Online,Cust_0028,3,129,400.39,251.55
2023-10-01,Desk Mat,Accessories,Middle East,Wholesale,Cust_0003,5,29,152.09,75.4
2023-12-07,Smart Speaker,Electronics,Asia Pacific,Retail,Cust_0003,7,119,850.19,516.46
2022-12-13,Ergonomic Chair,Furniture,Asia Pacific,Retail,Cust_0030,9,249,2039.75,1680.75
2022-09-05,Standing Desk,Furniture,Asia Pacific,Retail,Cust_0033,13,429,4846.94,4573.14
2023-01-14,Cable Organizer,Accessories,South America,Partner,Cust_0002,7,15,116.7,36.75
2022-09-19,Power Bank,Accessories,Middle East,Partner,Cust_0011,8,49,350.06,219.52
2023-05-31,Wireless Headphones,Electronics,South America,Online,Cust_0034,4,89,359.66,206.48
2022-12-30,Desk Mat,Accessories,North America,Partner,Cust_0010,11,29,357.43,165.88
2023-03-06,Wireless Headphones,Electronics,Middle East,Online,Cust_0004,13,89,1265.89,671.06
2022-11-09,Power Bank,Accessories,Middle East,Online,Cust_0035,8,49,341.89,219.52
2023-11-09,Fitness Tracker,Electronics,Asia Pacific,Wholesale,Cust_0040,19,139,2551.29,1875.11
2023-03-10,Cable Organizer,Accessories,Asia Pacific,Partner,Cust_0030,16,15,238.5,84.0
2022-12-13,Webcam HD,Electronics,Europe,Partner,Cust_0010,18,79,1331.08,952.74
2023-01-04,Standing Desk,Furniture,Asia Pacific,Retail,Cust_0002,9,429,3781.93,3166.02
2023-05-13,Mechanical Keyboard,Electronics,South America,Wholesale,Cust_0035,2,129,285.22,167.7
2023-08-25,Mechanical Keyboard,Electronics,Europe,Partner,Cust_0026,21,129,2644.91,1760.85
2023-09-10,Webcam HD,Electronics,South America,Wholesale,Cust_0025,24,79,1875.25,1270.32
2023-06-20,Ergonomic Chair,Furniture,Europe,Wholesale,Cust_0034,22,249,4994.7,4108.5
2023-02-17,Desk Mat,Accessories,Middle East,Retail,Cust_0024,7,29,227.38,105.56
2023-09-01,Ergonomic Chair,Furniture,Europe,Partner,Cust_0026,21,249,4666.36,3921.75
2022-10-29,Noise-cancelling Mic,Electronics,Asia Pacific,Wholesale,Cust_0040,21,149,3046.51,2440.62
2023-01-30,USB-C Dock,Electronics,South America,Retail,Cust_0034,11,99,1066.71,762.3
2023-10-06,Wireless Headphones,Electronics,South America,Retail,Cust_0037,23,89,2149.55,1187.26
2023-04-15,Desk Mat,Accessories,South America,Retail,Cust_0037,22,29,691.95,331.76
2023-01-28,Mechanical Keyboard,Electronics,South America,Partner,Cust_0016,14,129,2005.4,1173.9
2022-11-20,Smart Speaker,Electronics,Middle East,Partner,Cust_0040,16,119,1921.47,1180.48
2022-08-15,Cable Organizer,Accessories,North America,Online,Cust_0002,4,15,51.16,21.0
2022-09-02,Ergonomic Chair,Furniture,Asia Pacific,Partner,Cust_0013,3,249,801.59,560.25
2023-02-13,Desk Lamp,Home,Middle East,Partner,Cust_0021,3,45,138.38,67.5
2023-10-10,Webcam HD,Electronics,Asia Pacific,Retail,Cust_0020,11,79,765.11,582.23
2022-12-20,Fitness Tracker,Electronics,South America,Retail,Cust_0008,5,139,701.74,493.45
2023-09-02,Mechanical Keyboard,Electronics,Asia Pacific,Wholesale,Cust_0016,18,129,2653.67,1509.3
2022-12-07,Fitness Tracker,Electronics,North America,Online,Cust_0009,15,139,2322.83,1480.35
2023-11-06,Standing Desk,Furniture,North America,Retail,Cust_0038,16,429,7251.38,5628.48
2023-07-16,Fitness Tracker,Electronics,South America,Retail,Cust_0002,15,139,2379.17,1480.35
2023-06-27,Fitness Tracker,Electronics,Asia Pacific,Online,Cust_0005,11,139,1380.95,1085.59
2023-05-13,Cable Organizer,Accessories,North America,Retail,Cust_0013,13,15,222.0,68.25
2023-06-03,Desk Lamp,Home,Asia Pacific,Online,Cust_0039,23,45,1185.15,517.5
2023-11-28,Wireless Headphones,Electronics,Europe,Wholesale,Cust_0024,20,89,1967.57,1032.4
2023-01-22,Noise-cancelling Mic,Electronics,South America,Online,Cust_0021,9,149,1504.26,1045.98
2022-09-01,Cable Organizer,Accessories,Asia Pacific,Partner,Cust_0029,8,15,137.86,42.0
2023-06-20,Wireless Headphones,Electronics,North America,Wholesale,Cust_0022,9,89,813.32,464.58
2022-11-20,Power Bank,Accessories,Middle East,Online,Cust_0002,20,49,922.0,548.8
2023-01-30,Fitness Tracker,Electronics,South America,Wholesale,Cust_0003,16,139,2354.3,1579.04
2023-04-12,Desk Mat,Accessories,Asia Pacific,Partner,Cust_0033,13,29,417.0,196.04
2023-09-17,Standing Desk,Furniture,Europe,Partner,Cust_0023,23,429,10515.61,8090.94
2023-01-23,Webcam HD,Electronics,North America,Partner,Cust_0029,10,79,889.25,529.3
2022-10-04,Smart Speaker,Electronics,Middle East,Partner,Cust_0008,22,119,2243.37,1623.16
2022-11-18,Smart Speaker,Electronics,Europe,Online,Cust_0005,25,119,2686.82,1844.5
2022-09-14,Mechanical Keyboard,Electronics,North America,Retail,Cust_0005,19,129,2090.44,1593.15
2022-07-23,Desk Mat,Accessories,Europe,Online,Cust_0038,11,29,331.07,165.88
2023-10-24,Cable Organizer,Accessories,Middle East,Online,Cust_0008,11,15,143.03,57.75
2022-11-29,USB-C Dock,Electronics,Europe,Online,Cust_0006,24,99,2531.57,1663.2
2022-10-11,Wireless Headphones,Electronics,Europe,Retail,Cust_0004,14,89,1327.11,722.68
2023-08-10,Ergonomic Chair,Furniture,South America,Retail,Cust_0013,21,249,5555.66,3921.75
2023-11-29,Monitor 27in,Electronics,South America,Retail,Cust_0019,23,299,7354.74,4126.2
2022-09-10,Webcam HD,Electronics,North America,Online,Cust_0012,6,79,541.43,317.58
2023-04-05,Mechanical Keyboard,Electronics,North America,Retail,Cust_0005,18,129,2104.8,1509.3
2023-06-04,Smart Speaker,Electronics,South America,Retail,Cust_0038,8,119,893.94,590.24
2023-09-05,Noise-cancelling Mic,Electronics,Europe,Partner,Cust_0028,21,149,2895.22,2440.62
2023-06-28,Desk Mat,Accessories,Asia Pacific,Online,Cust_0019,8,29,249.7,120.64
2022-09-14,Wireless Headphones,Electronics,Asia Pacific,Wholesale,Cust_0004,3,89,276.6,154.86
2023-09-23,Laptop Stand,Accessories,North America,Wholesale,Cust_0006,22,39,811.26,360.36
2023-07-15,Desk Mat,Accessories,Middle East,Online,Cust_0017,22,29,681.48,331.76
2023-06-01,Webcam HD,Electronics,Asia Pacific,Wholesale,Cust_0032,12,79,891.19,635.16
2023-11-22,Ergonomic Chair,Furniture,Europe,Retail,Cust_0038,18,249,4039.03,3361.5
2023-07-06,Standing Desk,Furniture,Asia Pacific,Wholesale,Cust_0026,15,429,6364.78,5276.7
2023-10-28,Webcam HD,Electronics,South America,Retail,Cust_0027,5,79,448.28,264.65
2022-11-29,Smart Speaker,Electronics,Europe,Wholesale,Cust_0026,11,119,1256.26,811.58
2023-09-27,Smart Speaker,Electronics,Europe,Retail,Cust_0038,22,119,2968.32,1623.16
2023-02-17,Laptop Stand,Accessories,South America,Wholesale,Cust_0010,1,39,36.32,16.38
2023-01-28,Wireless Headphones,Electronics,Europe,Wholesale,Cust_0020,16,89,1564.88,825.92
2023-04-20,USB-C Dock,Electronics,Middle East,Wholesale,Cust_0032,7,99,679.04,485.1
2022-12-20,Webcam HD,Electronics,Asia Pacific,Online,Cust_0007,22,79,1512.18,1164.46
2023-06-06,Desk Mat,Accessories,Europe,Partner,Cust_0016,16,29,466.61,241.28
2023-11-28,Smart Speaker,Electronics,South America,Wholesale,Cust_0001,7,119,947.17,516.46
2022-12-19,Ergonomic Chair,Furniture,Middle East,Partner,Cust_0028,21,249,5404.11,3921.75
2022-11-19,Noise-cancelling Mic,Electronics,Asia Pacific,Partner,Cust_0009,10,149,1431.7,1162.2
2023-11-06,Laptop Stand,Accessories,Asia Pacific,Wholesale,Cust_0027,1,39,36.03,16.38
2023-06-09,Desk Mat,Accessories,South America,Partner,Cust_0018,8,29,235.83,120.64
2023-06-14,Desk Mat,Accessories,Asia Pacific,Retail,Cust_0037,7,29,231.69,105.56
2023-03-01,Desk Mat,Accessories,Europe,Retail,Cust_0032,19,29,561.46,286.52
2022-07-29,Ergonomic Chair,Furniture,South America,Online,Cust_0010,17,249,4389.97,3174.75
2022-10-01,Noise-cancelling Mic,Electronics,Middle East,Wholesale,Cust_0018,16,149,2074.27,1859.52
2023-08-12,Smart Speaker,Electronics,Europe,Partner,Cust_0024,7,119,919.91,516.46
2022-09-08,Webcam HD,Electronics,North America,Retail,Cust_0021,8,79,604.73,423.44
2023-11-16,Noise-cancelling Mic,Electronics,Asia Pacific,Partner,Cust_0032,5,149,853.46,581.1
2023-01-30,Power Bank,Accessories,Middle East,Retail,Cust_0039,21,49,911.81,576.24
2022-09-10,Desk Mat,Accessories,Europe,Partner,Cust_0025,7,29,198.31,105.56
2022-07-21,Desk Lamp,Home,Europe,Retail,Cust_0019,9,45,347.32,202.5
2023-09-14,Laptop Stand,Accessories,Europe,Wholesale,Cust_0029,12,39,485.67,196.56
2022-12-17,Monitor 27in,Electronics,North America,Partner,Cust_0018,15,299,4425.72,2691.0
2023-01-28,Desk Mat,Accessories,Asia Pacific,Wholesale,Cust_0011,20,29,595.05,301.6
2023-06-05,Wireless Headphones,Electronics,Asia Pacific,Online,Cust_0036,4,89,353.55,206.48
2022-12-02,Ergonomic Chair,Furniture,Middle East,Wholesale,Cust_0002,24,249,6207.07,4482.0
2023-06-06,Standing Desk,Furniture,Middle East,Partner,Cust_0003,6,429,2684.9,2110.68
2023-06-06,Monitor 27in,Electronics,Middle East,Online,Cust_0004,25,299,7974.58,4485.0
2022-11-22,Webcam HD,Electronics,Europe,Online,Cust_0010,3,79,208.72,158.79
2022-12-24,Desk Mat,Accessories,Asia Pacific,Online,Cust_0023,8,29,220.74,120.64
2023-09-05,Ergonomic Chair,Furniture,South America,Online,Cust_0026,25,249,6309.25,4668.75
2023-12-29,Standing Desk,Furniture,Europe,Wholesale,Cust_0036,21,429,9881.56,7387.38
2023-02-07,Webcam HD,Electronics,Asia Pacific,Online,Cust_0015,6,79,436.92,317.58
2022-08-03,Wireless Headphones,Electronics,South America,Retail,Cust_0003,21,89,1612.3,1084.02
2023-03-05,Mechanical Keyboard,Electronics,Asia Pacific,Partner,Cust_0025,5,129,694.53,419.25
2023-08-19,Wireless Headphones,Electronics,South America,Partner,Cust_0002,17,89,1590.0,877.54
2023-09-07,Noise-cancelling Mic,Electronics,Europe,Online,Cust_0038,3,149,384.78,348.66
2023-03-02,Monitor 27in,Electronics,Asia Pacific,Online,Cust_0006,16,299,4901.09,2870.4
2023-07-21,Noise-cancelling Mic,Electronics,Europe,Wholesale,Cust_0010,6,149,903.72,697.32
2023-04-24,Desk Lamp,Home,Middle East,Partner,Cust_0025,18,45,727.35,405.0
2023-02-01,Smart Speaker,Electronics,Asia Pacific,Partner,Cust_0013,20,119,2256.52,1475.6
2023-04-02,Standing Desk,Furniture,South America,Partner,Cust_0002,4,429,1687.97,1407.12
2023-12-16,Smart Speaker,Electronics,Europe,Retail,Cust_0008,13,119,1334.28,959.14
2022-10-27,Desk Mat,Accessories,Middle East,Retail,Cust_0020,7,29,223.28,105.56
2023-02-14,Fitness Tracker,Electronics,Asia Pacific,Partner,Cust_0030,19,139,2287.93,1875.11
2023-03-02,Monitor 27in,Electronics,Middle East,Retail,Cust_0002,9,299,2537.53,1614.6
2023-02-16,Power Bank,Accessories,Europe,Partner,Cust_0032,6,49,333.41,164.64
2023-08-11,Desk Mat,Accessories,South America,Wholesale,Cust_0039,11,29,343.29,165.88
2023-11-25,Webcam HD,Electronics,Europe,Partner,Cust_0005,18,79,1471.64,952.74
2022-07-10,Power Bank,Accessories,North America,Online,Cust_0018,1,49,55.32,27.44
2023-05-16,Webcam HD,Electronics,North America,Retail,Cust_0004,13,79,986.35,688.09
2023-01-21,Standing Desk,Furniture,North America,Partner,Cust_0018,24,429,10041.13,8442.72
2022-08-01,Desk Lamp,Home,North America,Online,Cust_0020,25,45,1004.12,562.5
2023-10-20,Fitness Tracker,Electronics,North America,Online,Cust_0031,7,139,878.01,690.83
2022-11-02,Laptop Stand,Accessories,South America,Retail,Cust_0038,24,39,990.73,393.12
2023-04-15,Desk Lamp,Home,North America,Wholesale,Cust_0010,1,45,41.16,22.5
2023-08-21,Cable Organizer,Accessories,North America,Online,Cust_0032,13,15,191.05,68.25
2023-10-29,Standing Desk,Furniture,Middle East,Online,Cust_0003,6,429,2694.93,2110.68
2023-04-23,Desk Mat,Accessories,Europe,Wholesale,Cust_0018,10,29,248.62,150.8
2023-04-14,Power Bank,Accessories,South America,Retail,Cust_0001,7,49,394.02,192.08
2022-08-24,Power Bank,Accessories,Middle East,Wholesale,Cust_0032,19,49,1012.55,521.36
2022-08-27,Desk Lamp,Home,Middle East,Online,Cust_0024,12,45,532.91,270.0
2023-11-05,Noise-cancelling Mic,Electronics,Asia Pacific,Partner,Cust_0036,6,149,904.93,697.32
2023-06-03,Desk Mat,Accessories,South America,Partner,Cust_0012,21,29,623.65,316.68
2023-07-26,Webcam HD,Electronics,Europe,Partner,Cust_0032,12,79,997.97,635.16
2023-08-31,Ergonomic Chair,Furniture,Middle East,Online,Cust_0017,14,249,3888.39,2614.5
2023-06-15,Fitness Tracker,Electronics,South America,Wholesale,Cust_0035,12,139,1849.04,1184.28
2022-12-25,Fitness Tracker,Electronics,Middle East,Partner,Cust_0010,2,139,286.24,197.38
2022-12-20,Power Bank,Accessories,Europe,Retail,Cust_0026,19,49,814.18,521.36
2023-09-12,Fitness Tracker,Electronics,Middle East,Online,Cust_0007,4,139,568.59,394.76
2023-03-27,Fitness Tracker,Electronics,Europe,Retail,Cust_0022,18,139,2493.88,1776.42
2023-06-08,Desk Mat,Accessories,Middle East,Wholesale,Cust_0026,12,29,318.67,180.96
2023-07-04,Desk Mat,Accessories,Europe,Online,Cust_0030,14,29,364.06,211.12
2023-01-18,Desk Mat,Accessories,South America,Online,Cust_0010,1,29,32.62,15.08
2023-05-19,USB-C Dock,Electronics,Asia Pacific,Wholesale,Cust_0014,25,99,2506.16,1732.5
2022-10-16,Power Bank,Accessories,North America,Online,Cust_0002,7,49,321.99,192.08
2023-02-07,Mechanical Keyboard,Electronics,North America,Online,Cust_0017,25,129,3179.14,2096.25
2022-11-08,Standing Desk,Furniture,North America,Wholesale,Cust_0039,12,429,4839.45,4221.36
2023-08-11,Ergonomic Chair,Furniture,South America,Partner,Cust_0040,7,249,1789.9,1307.25
2023-11-11,Cable Organizer,Accessories,South America,Online,Cust_0003,20,15,300.0,105.0
2023-07-04,Wireless Headphones,Electronics,South America,Wholesale,Cust_0035,9,89,865.83,464.58
2023-09-15,Desk Mat,Accessories,South America,Partner,Cust_0002,19,29,531.16,286.52
2023-11-21,Smart Speaker,Electronics,Asia Pacific,Wholesale,Cust_0035,3,119,313.31,221.34
2023-03-18,Desk Mat,Accessories,South America,Online,Cust_0025,23,29,716.84,346.84
2023-03-14,Monitor 27in,Electronics,Asia Pacific,Online,Cust_0020,16,299,4859.53,2870.4
2023-10-15,USB-C Dock,Electronics,North America,Wholesale,Cust_0001,20,99,2089.19,1386.0
2022-08-07,Fitness Tracker,Electronics,North America,Wholesale,Cust_0033,17,139,2137.03,1677.73
2023-04-17,Desk Mat,Accessories,Middle East,Wholesale,Cust_0004,19,29,510.2,286.52
2022-11-07,Desk Mat,Accessories,Europe,Wholesale,Cust_0029,17,29,462.44,256.36
2022-12-23,Wireless Headphones,Electronics,South America,Partner,Cust_0008,10,89,939.88,516.2
2022-09-26,USB-C Dock,Electronics,Europe,Wholesale,Cust_0001,16,99,1530.45,1108.8
2023-01-06,Smart Speaker,Electronics,Asia Pacific,Online,Cust_0012,13,119,1418.64,959.14
2023-11-27,USB-C Dock,Electronics,North America,Wholesale,Cust_0007,23,99,2047.77,1593.9
2022-11-22,Desk Mat,Accessories,South America,Online,Cust_0032,20,29,556.8,301.6
2023-09-23,Wireless Headphones,Electronics,Middle East,Partner,Cust_0007,23,89,1997.03,1187.26
2022-08-13,Desk Lamp,Home,North America,Wholesale,Cust_0005,14,45,551.99,315.0
2023-07-11,Webcam HD,Electronics,Europe,Retail,Cust_0008,13,79,880.38,688.09
2022-10-06,Monitor 27in,Electronics,South America,Retail,Cust_0035,6,299,1725.82,1076.4
2023-04-05,Webcam HD,Electronics,Middle East,Retail,Cust_0027,3,79,209.69,158.79
2022-08-19,USB-C Dock,Electronics,Asia Pacific,Retail,Cust_0009,7,99,744.28,485.1
2023-08-14,Wireless Headphones,Electronics,Middle East,Online,Cust_0001,12,89,943.93,619.44
2023-04-08,Monitor 27in,Electronics,Asia Pacific,Online,Cust_0009,17,299,4807.8,3049.8
2023-03-16,Power Bank,Accessories,Europe,Retail,Cust_0031,16,49,778.89,439.04
2023-02-14,Laptop Stand,Accessories,Middle East,Wholesale,Cust_0035,6,39,259.18,98.28
2022-09-20,Mechanical Keyboard,Electronics,Middle East,Retail,Cust_0010,22,129,3145.51,1844.7
2022-09-17,Webcam HD,Electronics,Middle East,Online,Cust_0011,17,79,1241.09,899.81
2023-09-06,Power Bank,Accessories,Europe,Partner,Cust_0017,21,49,1000.1,576.24
2023-09-25,Wireless Headphones,Electronics,North America,Wholesale,Cust_0013,11,89,1029.42,567.82
2023-07-27,Standing Desk,Furniture,Europe,Retail,Cust_0031,15,429,6656.81,5276.7
2023-12-13,Fitness Tracker,Electronics,Europe,Retail,Cust_0039,14,139,1958.41,1381.66
2023-12-01,Smart Speaker,Electronics,Middle East,Wholesale,Cust_0002,3,119,348.14,221.34
2022-10-04,Desk Mat,Accessories,North America,Retail,Cust_0024,25,29,676.58,377.0
2023-04-23,Webcam HD,Electronics,Asia Pacific,Partner,Cust_0035,21,79,1711.41,1111.53
2023-05-21,Power Bank,Accessories,South America,Wholesale,Cust_0038,16,49,829.92,439.04
2022-11-27,Webcam HD,Electronics,South America,Online,Cust_0022,11,79,877.54,582.23
2022-09-12,Desk Lamp,Home,Asia Pacific,Partner,Cust_0019,21,45,971.77,472.5
2023-02-28,Ergonomic Chair,Furniture,Middle East,Retail,Cust_0013,11,249,2614.52,2054.25
2023-05-19,USB-C Dock,Electronics,Asia Pacific,Wholesale,Cust_0017,11,99,1120.94,762.3
2023-01-18,Smart Speaker,Electronics,Asia Pacific,Retail,Cust_0013,20,119,2513.59,1475.6
2023-07-15,Desk Mat,Accessories,Europe,Partner,Cust_0030,18,29,534.8,271.44
2023-01-03,Laptop Stand,Accessories,Europe,Partner,Cust_0014,24,39,963.56,393.12
2023-06-20,Mechanical Keyboard,Electronics,Asia Pacific,Wholesale,Cust_0016,21,129,2620.93,1760.85
2023-04-13,Fitness Tracker,Electronics,Middle East,Wholesale,Cust_0022,19,139,2360.8,1875.11
2022-09-21,Desk Lamp,Home,Middle East,Wholesale,Cust_0026,4,45,153.18,90.0
2023-01-19,Smart Speaker,Electronics,South America,Wholesale,Cust_0036,9,119,1097.86,664.02
2023-04-19,Noise-cancelling Mic,Electronics,Europe,Wholesale,Cust_0018,19,149,2449.66,2208.18
2023-09-20,Cable Organizer,Accessories,South America,Online,Cust_0028,16,15,231.86,84.0
2022-11-09,Mechanical Keyboard,Electronics,Asia Pacific,Online,Cust_0004,6,129,667.43,503.1
2022-09-19,Desk Lamp,Home,Europe,Partner,Cust_0007,4,45,202.99,90.0
2023-09-16,USB-C Dock,Electronics,North America,Online,Cust_0008,2,99,188.35,138.6
2023-04-19,Desk Lamp,Home,Europe,Retail,Cust_0015,14,45,652.36,315.0
2023-04-09,Fitness Tracker,Electronics,Europe,Partner,Cust_0010,18,139,2143.93,1776.42
2023-05-30,Smart Speaker,Electronics,South America,Retail,Cust_0014,8,119,963.91,590.24
2022-07-27,Mechanical Keyboard,Electronics,South America,Partner,Cust_0008,3,129,340.06,251.55
2023-08-30,USB-C Dock,Electronics,Middle East,Wholesale,Cust_0011,8,99,885.11,554.4
2023-02-20,Desk Lamp,Home,Europe,Online,Cust_0020,4,45,176.5,90.0
2023-08-09,Webcam HD,Electronics,North America,Retail,Cust_0006,7,79,537.83,370.51
2023-10-07,Webcam HD,Electronics,Middle East,Wholesale,Cust_0025,5,79,338.48,264.65
2023-04-14,USB-C Dock,Electronics,South America,Wholesale,Cust_0034,22,99,2074.95,1524.6
2022-07-31,Webcam HD,Electronics,South America,Wholesale,Cust_0039,17,79,1224.33,899.81
2022-12-04,Desk Mat,Accessories,Europe,Wholesale,Cust_0026,3,29,79.36,45.24
2023-05-27,Ergonomic Chair,Furniture,Europe,Partner,Cust_0019,13,249,3623.94,2427.75
2023-08-02,Monitor 27in,Electronics,Middle East,Online,Cust_0016,16,299,4992.79,2870.4
2022-09-14,Webcam HD,Electronics,South America,Online,Cust_0037,23,79,1732.61,1217.39
2023-08-04,Wireless Headphones,Electronics,South America,Wholesale,Cust_0028,16,89,1248.62,825.92
2023-03-28,Ergonomic Chair,Furniture,Asia Pacific,Partner,Cust_0017,8,249,1979.17,1494.0
2022-12-29,USB-C Dock,Electronics,North America,Retail,Cust_0025,19,99,1804.58,1316.7
2023-03-01,Laptop Stand,Accessories,North America,Retail,Cust_0040,23,39,949.56,376.74
2022-08-30,Desk Lamp,Home,South America,Partner,Cust_0010,3,45,126.62,67.5
2023-09-29,Desk Lamp,Home,South America,Retail,Cust_0020,6,45,243.0,135.0
2022-09-16,USB-C Dock,Electronics,Middle East,Online,Cust_0012,3,99,278.13,207.9
2023-11-03,Standing Desk,Furniture,North America,Retail,Cust_0013,6,429,2653.25,2110.68
2022-09-26,Laptop Stand,Accessories,Asia Pacific,Online,Cust_0012,25,39,984.93,409.5
2023-10-26,Noise-cancelling Mic,Electronics,Europe,Partner,Cust_0010,25,149,3762.61,2905.5
2023-01-17,USB-C Dock,Electronics,Europe,Partner,Cust_0018,1,99,99.39,69.3
2022-07-31,Noise-cancelling Mic,Electronics,South America,Online,Cust_0009,17,149,2279.95,1975.74
2023-11-02,Mechanical Keyboard,Electronics,Middle East,Retail,Cust_0024,5,129,659.29,419.25
2023-04-21,Webcam HD,Electronics,Europe,Wholesale,Cust_0008,8,79,672.47,423.44
2022-12-22,Cable Organizer,Accessories,North America,Online,Cust_0025,20,15,267.23,105.0
2023-04-30,Webcam HD,Electronics,South America,Wholesale,Cust_0036,17,79,1359.71,899.81
2023-08-27,Fitness Tracker,Electronics,Middle East,Wholesale,Cust_0023,17,139,2566.02,1677.73
2023-08-28,Smart Speaker,Electronics,Europe,Wholesale,Cust_0033,9,119,1186.0,664.02
2022-11-16,Smart Speaker,Electronics,North America,Retail,Cust_0039,2,119,273.32,147.56
2023-05-11,Laptop Stand,Accessories,South America,Wholesale,Cust_0025,20,39,733.09,327.6
2022-08-03,Ergonomic Chair,Furniture,North America,Retail,Cust_0014,16,249,3906.95,2988.0
2022-12-07,Webcam HD,Electronics,Asia Pacific,Retail,Cust_0026,19,79,1385.94,1005.67
2022-07-26,Fitness Tracker,Electronics,Asia Pacific,Wholesale,Cust_0032,8,139,1078.39,789.52
2023-10-29,Ergonomic Chair,Furniture,Europe,Wholesale,Cust_0027,7,249,1983.33,1307.25
2023-03-18,Mechanical Keyboard,Electronics,Asia Pacific,Online,Cust_0024,21,129,2345.82,1760.85
2023-10-29,Fitness Tracker,Electronics,North America,Wholesale,Cust_0039,13,139,1695.3,1282.97
2023-12-16,Noise-cancelling Mic,Electronics,South America,Online,Cust_0005,16,149,2278.5,1859.52
2023-01-24,Desk Lamp,Home,North America,Retail,Cust_0007,17,45,683.74,382.5
2023-04-12,Wireless Headphones,Electronics,Middle East,Retail,Cust_0024,1,89,76.29,51.62
2023-08-27,Ergonomic Chair,Furniture,Asia Pacific,Wholesale,Cust_0040,20,249,4720.86,3735.0
2023-07-21,Wireless Headphones,Electronics,South America,Online,Cust_0032,17,89,1482.77,877.54
2023-12-18,Wireless Headphones,Electronics,Europe,Online,Cust_0025,22,89,1858.23,1135.64
2023-10-03,Desk Mat,Accessories,Europe,Partner,Cust_0010,24,29,750.73,361.92
2023-01-27,Laptop Stand,Accessories,Asia Pacific,Wholesale,Cust_0026,20,39,714.54,327.6
2022-08-24,Desk Lamp,Home,Europe,Retail,Cust_0027,1,45,45.94,22.5
2023-09-10,Smart Speaker,Electronics,Middle East,Wholesale,Cust_0037,5,119,551.29,368.9
2023-02-10,Wireless Headphones,Electronics,North America,Retail,Cust_0017,3,89,285.2,154.86
2022-09-15,USB-C Dock,Electronics,South America,Retail,Cust_0008,15,99,1297.88,1039.5
2023-10-23,Smart Speaker,Electronics,South America,Partner,Cust_0017,11,119,1339.25,811.58
2023-06-13,Cable Organizer,Accessories,Middle East,Partner,Cust_0010,22,15,346.61,115.5
2023-12-24,Cable Organizer,Accessories,Europe,Retail,Cust_0002,9,15,132.32,47.25
2023-04-14,Ergonomic Chair,Furniture,South America,Partner,Cust_0026,17,249,3663.18,3174.75
2023-05-13,Smart Speaker,Electronics,Europe,Online,Cust_0036,9,119,982.2,664.02
2023-02-19,Fitness Tracker,Electronics,Europe,Wholesale,Cust_0007,8,139,1177.85,789.52
2023-12-09,Ergonomic Chair,Furniture,South America,Wholesale,Cust_0037,14,249,3309.48,2614.5
2022-10-01,USB-C Dock,Electronics,North America,Wholesale,Cust_0021,6,99,669.94,415.8
2022-09-06,Standing Desk,Furniture,Europe,Wholesale,Cust_0027,13,429,5532.12,4573.14
2022-08-10,Ergonomic Chair,Furniture,Asia Pacific,Online,Cust_0016,12,249,2975.92,2241.0
2023-11-25,Fitness Tracker,Electronics,South America,Retail,Cust_0028,13,139,1996.44,1282.97
2023-04-29,USB-C Dock,Electronics,Asia Pacific,Retail,Cust_0011,20,99,2038.2,1386.0
2023-07-30,Power Bank,Accessories,North America,Online,Cust_0006,3,49,160.06,82.32
2022-07-18,Mechanical Keyboard,Electronics,South America,Wholesale,Cust_0006,18,129,2624.59,1509.3
2022-12-12,Wireless Headphones,Electronics,Europe,Wholesale,Cust_0003,1,89,79.21,51.62
2023-07-20,Cable Organizer,Accessories,Middle East,Partner,Cust_0006,22,15,284.5,115.5
2023-05-23,Ergonomic Chair,Furniture,Middle East,Online,Cust_0006,4,249,1141.87,747.0
2022-07-10,Power Bank,Accessories,South America,Retail,Cust_0032,7,49,302.62,192.08
2023-05-04,Monitor 27in,Electronics,Middle East,Online,Cust_0019,17,299,4531.93,3049.8
2023-10-26,Monitor 27in,Electronics,Middle East,Retail,Cust_0007,9,299,2688.11,1614.6
2023-02-24,Desk Mat,Accessories,South America,Online,Cust_0022,10,29,304.36,150.8
2023-11-06,Smart Speaker,Electronics,Middle East,Partner,Cust_0020,15,119,1674.5,1106.7
2023-08-24,Standing Desk,Furniture,Asia Pacific,Partner,Cust_0014,8,429,3165.01,2814.24
2022-12-09,Desk Mat,Accessories,North America,Online,Cust_0004,5,29,148.81,75.4
2022-11-07,Mechanical Keyboard,Electronics,Europe,Wholesale,Cust_0010,4,129,550.48,335.4
2023-04-25,Smart Speaker,Electronics,Middle East,Partner,Cust_0016,11,119,1394.86,811.58
2023-09-28,Standing Desk,Furniture,Europe,Partner,Cust_0031,4,429,1796.4,1407.12
2023-07-17,Mechanical Keyboard,Electronics,Asia Pacific,Retail,Cust_0005,13,129,1450.06,1090.05
2023-03-25,Standing Desk,Furniture,South America,Wholesale,Cust_0026,6,429,2793.09,2110.68
2023-06-06,Webcam HD,Electronics,South America,Partner,Cust_0021,5,79,449.28,264.65
2023-01-14,Wireless Headphones,Electronics,South America,Partner,Cust_0006,6,89,531.9,309.72
2023-06-17,Mechanical Keyboard,Electronics,Europe,Retail,Cust_0033,2,129,266.04,167.7
2023-04-20,Fitness Tracker,Electronics,South America,Retail,Cust_0003,7,139,1052.06,690.83
2023-07-14,Desk Mat,Accessories,Asia Pacific,Partner,Cust_0001,11,29,281.16,165.88
2023-12-05,USB-C Dock,Electronics,Asia Pacific,Retail,Cust_0033,7,99,645.9,485.1
2023-08-14,Fitness Tracker,Electronics,South America,Retail,Cust_0003,17,139,2331.07,1677.73
2023-05-03,Noise-cancelling Mic,Electronics,North America,Wholesale,Cust_0019,25,149,3537.94,2905.5
2023-08-31,Monitor 27in,Electronics,South America,Online,Cust_0027,21,299,7087.2,3767.4
2023-03-03,Fitness Tracker,Electronics,South America,Retail,Cust_0017,11,139,1437.39,1085.59
2022-08-18,Power Bank,Accessories,South America,Partner,Cust_0017,8,49,333.7,219.52
2023-03-01,Wireless Headphones,Electronics,Europe,Wholesale,Cust_0026,8,89,605.68,412.96
2022-08-27,Laptop Stand,Accessories,North America,Wholesale,Cust_0033,9,39,389.81,147.42
2023-05-19,Smart Speaker,Electronics,South America,Online,Cust_0038,20,119,2175.38,1475.6
2023-04-30,Smart Speaker,Electronics,South America,Retail,Cust_0036,4,119,508.23,295.12
2023-01-07,Noise-cancelling Mic,Electronics,North America,Retail,Cust_0028,21,149,2734.44,2440.62
2023-03-18,Webcam HD,Electronics,Europe,Online,Cust_0017,1,79,71.16,52.93
2023-05-05,Cable Organizer,Accessories,Europe,Wholesale,Cust_0028,9,15,123.02,47.25
2022-12-24,Ergonomic Chair,Furniture,Asia Pacific,Partner,Cust_0035,4,249,1053.24,747.0
2022-09-18,Laptop Stand,Accessories,North America,Online,Cust_0016,5,39,169.61,81.9
2023-04-12,Mechanical Keyboard,Electronics,Asia Pacific,Wholesale,Cust_0008,4,129,516.07,335.4
2023-10-29,Noise-cancelling Mic,Electronics,Middle East,Wholesale,Cust_0018,4,149,647.05,464.88
2023-07-09,Smart Speaker,Electronics,Europe,Partner,Cust_0025,3,119,389.84,221.34
2023-03-23,Desk Mat,Accessories,North America,Online,Cust_0011,1,29,25.92,15.08
2022-12-21,Noise-cancelling Mic,Electronics,South America,Retail,Cust_0023,23,149,2943.58,2673.06
2023-08-12,Smart Speaker,Electronics,North America,Wholesale,Cust_0033,25,119,3221.21,1844.5
2023-08-26,USB-C Dock,Electronics,Middle East,Retail,Cust_0031,6,99,642.73,415.8
2022-09-16,Desk Mat,Accessories,Middle East,Wholesale,Cust_0030,8,29,224.15,120.64
2023-07-22,USB-C Dock,Electronics,South America,Online,Cust_0013,2,99,168.52,138.6
2023-07-08,Wireless Headphones,Electronics,Asia Pacific,Partner,Cust_0027,22,89,2104.69,1135.64
2022-07-17,Ergonomic Chair,Furniture,Europe,Online,Cust_0007,15,249,3841.05,2801.25
2022-11-06,Monitor 27in,Electronics,South America,Wholesale,Cust_0036,5,299,1717.52,897.0
2023-06-23,Laptop Stand,Accessories,Asia Pacific,Online,Cust_0016,20,39,736.02,327.6
2023-09-18,Desk Lamp,Home,North America,Online,Cust_0020,2,45,94.45,45.0
2022-11-27,Desk Mat,Accessories,Europe,Wholesale,Cust_0018,9,29,248.47,135.72
2023-09-04,Laptop Stand,Accessories,North America,Partner,Cust_0032,17,39,624.89,278.46
2023-05-13,Standing Desk,Furniture,Asia Pacific,Online,Cust_0021,1,429,388.43,351.78
2022-10-13,Power Bank,Accessories,Asia Pacific,Online,Cust_0008,5,49,215.24,137.2
2023-04-06,Smart Speaker,Electronics,North America,Partner,Cust_0012,11,119,1339.01,811.58
2022-09-28,USB-C Dock,Electronics,Asia Pacific,Partner,Cust_0036,2,99,213.14,138.6
2022-09-29,Smart Speaker,Electronics,Middle East,Partner,Cust_0020,23,119,2408.92,1696.94
2023-08-27,Smart Speaker,Electronics,South America,Partner,Cust_0006,2,119,249.27,147.56
2023-04-11,Desk Mat,Accessories,North America,Retail,Cust_0007,2,29,65.81,30.16
2022-07-14,Laptop Stand,Accessories,South America,Online,Cust_0024,16,39,606.4,262.08
2022-10-27,Desk Lamp,Home,North America,Retail,Cust_0022,6,45,243.14,135.0
2022-10-24,Cable Organizer,Accessories,Europe,Wholesale,Cust_0009,1,15,13.51,5.25
2023-12-13,USB-C Dock,Electronics,Middle East,Online,Cust_0018,14,99,1417.89,970.2
2023-01-18,Webcam HD,Electronics,North America,Retail,Cust_0028,18,79,1298.72,952.74
2023-08-11,USB-C Dock,Electronics,Asia Pacific,Partner,Cust_0009,17,99,1634.79,1178.1
2023-09-04,Fitness Tracker,Electronics,Asia Pacific,Partner,Cust_0016,19,139,2733.21,1875.11
2022-11-14,Desk Mat,Accessories,Middle East,Partner,Cust_0032,14,29,345.28,211.12
2022-11-04,Standing Desk,Furniture,Asia Pacific,Retail,Cust_0009,19,429,8338.35,6683.82
2022-11-09,Cable Organizer,Accessories,North America,Retail,Cust_0015,8,15,137.93,42.0
2022-08-26,Desk Mat,Accessories,Europe,Wholesale,Cust_0014,3,29,81.17,45.24
2022-11-02,Monitor 27in,Electronics,North America,Retail,Cust_0001,1,299,291.23,179.4
2023-06-24,USB-C Dock,Electronics,Europe,Retail,Cust_0008,15,99,1649.3,1039.5
2023-06-07,Standing Desk,Furniture,South America,Partner,Cust_0013,13,429,6175.56,4573.14
2022-12-06,USB-C Dock,Electronics,Europe,Partner,Cust_0016,13,99,1283.11,900.9
2023-04-16,Standing Desk,Furniture,North America,Partner,Cust_0028,2,429,848.63,703.56
2022-09-10,Smart Speaker,Electronics,Middle East,Wholesale,Cust_0019,2,119,216.85,147.56
2022-10-31,Fitness Tracker,Electronics,Asia Pacific,Retail,Cust_0018,10,139,1255.33,986.9
2022-07-24,Webcam HD,Electronics,Middle East,Online,Cust_0030,25,79,1884.85,1323.25
2023-02-24,Webcam HD,Electronics,South America,Partner,Cust_0025,7,79,514.78,370.51
2023-11-13,USB-C Dock,Electronics,North America,Retail,Cust_0016,15,99,1549.7,1039.5
2023-08-07,USB-C Dock,Electronics,North America,Retail,Cust_0018,18,99,1900.28,1247.4
2023-12-26,Desk Lamp,Home,Asia Pacific,Online,Cust_0034,23,45,1127.98,517.5
2023-08-27,Wireless Headphones,Electronics,Europe,Online,Cust_0019,3,89,247.14,154.86
2023-03-17,Smart Speaker,Electronics,South America,Retail,Cust_0034,22,119,2227.95,1623.16
2022-07-30,Ergonomic Chair,Furniture,Middle East,Wholesale,Cust_0022,25,249,5293.98,4668.75
2023-01-24,Mechanical Keyboard,Electronics,South America,Partner,Cust_0017,4,129,546.34,335.4
2023-04-14,Monitor 27in,Electronics,Middle East,Wholesale,Cust_0037,7,299,2133.2,1255.8
2022-10-16,Standing Desk,Furniture,Europe,Retail,Cust_0021,16,429,5928.72,5628.48
2023-06-19,Ergonomic Chair,Furniture,Middle East,Retail,Cust_0022,16,249,3975.81,2988.0
2023-09-24,Noise-cancelling Mic,Electronics,North America,Online,Cust_0037,1,149,166.7,116.22
2023-03-03,Standing Desk,Furniture,South America,Retail,Cust_0027,2,429,867.0,703.56
2022-09-22,Laptop Stand,Accessories,Europe,Wholesale,Cust_0015,22,39,919.27,360.36
2023-02-18,Ergonomic Chair,Furniture,Asia Pacific,Online,Cust_0001,4,249,1120.96,747.0
2023-09-01,Laptop Stand,Accessories,Europe,Wholesale,Cust_0006,9,39,334.24,147.42
2023-03-09,Monitor 27in,Electronics,Asia Pacific,Online,Cust_0039,4,299,1209.24,717.6
2023-03-13,Wireless Headphones,Electronics,Middle East,Partner,Cust_0011,16,89,1491.2,825.92
2022-07-16,Fitness Tracker,Electronics,South America,Retail,Cust_0022,16,139,1957.18,1579.04
2023-12-07,Monitor 27in,Electronics,North America,Partner,Cust_0028,8,299,2532.92,1435.2
2023-07-10,Smart Speaker,Electronics,North America,Retail,Cust_0007,15,119,2042.42,1106.7
2022-07-31,Cable Organizer,Accessories,Europe,Retail,Cust_0011,9,15,124.24,47.25
2022-08-25,Desk Mat,Accessories,Europe,Retail,Cust_0013,6,29,154.82,90.48
2023-10-24,Wireless Headphones,Electronics,Europe,Wholesale,Cust_0040,22,89,1743.31,1135.64
2022-11-07,Desk Mat,Accessories,Asia Pacific,Retail,Cust_0020,24,29,765.9,361.92
2023-09-25,Mechanical Keyboard,Electronics,Europe,Online,Cust_0031,23,129,2858.48,1928.55
2023-01-01,Ergonomic Chair,Furniture,South America,Retail,Cust_0007,2,249,435.97,373.5
2022-12-18,USB-C Dock,Electronics,South America,Retail,Cust_0007,3,99,291.17,207.9
2022-12-27,Desk Lamp,Home,South America,Partner,Cust_0011,23,45,1137.08,517.5
2023-02-15,Webcam HD,Electronics,Middle East,Retail,Cust_0029,14,79,1032.73,741.02
2023-04-02,Monitor 27in,Electronics,Europe,Online,Cust_0026,7,299,1964.62,1255.8
2023-10-29,Fitness Tracker,Electronics,Europe,Online,Cust_0004,3,139,383.19,296.07
2022-11-02,Noise-cancelling Mic,Electronics,Middle East,Wholesale,Cust_0009,16,149,2064.19,1859.52
2023-01-10,Noise-cancelling Mic,Electronics,Europe,Retail,Cust_0004,8,149,1195.01,929.76
2022-09-23,USB-C Dock,Electronics,Asia Pacific,Online,Cust_0034,18,99,1802.08,1247.4
2023-04-01,Desk Lamp,Home,Europe,Retail,Cust_0003,11,45,484.27,247.5
2023-02-05,Mechanical Keyboard,Electronics,Middle East,Online,Cust_0010,8,129,1070.65,670.8
2022-09-21,Standing Desk,Furniture,Asia Pacific,Online,Cust_0030,24,429,9260.12,8442.72
2023-04-18,Power Bank,Accessories,North America,Online,Cust_0001,11,49,584.28,301.84
2022-08-03,Power Bank,Accessories,North America,Online,Cust_0021,24,49,1057.79,658.56
2022-10-01,Laptop Stand,Accessories,South America,Retail,Cust_0007,23,39,880.58,376.74
2023-07-25,Wireless Headphones,Electronics,Europe,Online,Cust_0023,21,89,1764.06,1084.02
2022-11-04,Smart Speaker,Electronics,Asia Pacific,Partner,Cust_0017,17,119,1816.21,1254.26
2022-12-08,Monitor 27in,Electronics,Asia Pacific,Wholesale,Cust_0032,22,299,6621.85,3946.8
2022-09-26,Mechanical Keyboard,Electronics,Middle East,Partner,Cust_0040,6,129,840.95,503.1
2023-05-27,Standing Desk,Furniture,Middle East,Online,Cust_0028,16,429,6796.69,5628.48
2022-08-24,Monitor 27in,Electronics,Asia Pacific,Online,Cust_0016,2,299,576.09,358.8
2023-06-24,Laptop Stand,Accessories,Middle East,Partner,Cust_0010,12,39,454.69,196.56
2022-11-12,USB-C Dock,Electronics,Asia Pacific,Retail,Cust_0033,14,99,1272.84,970.2
2023-06-04,Ergonomic Chair,Furniture,Asia Pacific,Online,Cust_0020,22,249,6006.48,4108.5
2023-07-29,Desk Mat,Accessories,South America,Online,Cust_0004,2,29,56.38,30.16
2023-03-13,Standing Desk,Furniture,Middle East,Wholesale,Cust_0023,20,429,9317.51,7035.6
2022-07-27,Smart Speaker,Electronics,Europe,Retail,Cust_0005,20,119,2066.35,1475.6
2022-08-27,Fitness Tracker,Electronics,Asia Pacific,Wholesale,Cust_0034,4,139,493.33,394.76
2022-07-15,Desk Lamp,Home,Europe,Partner,Cust_0036,21,45,1072.13,472.5
2023-12-02,Fitness Tracker,Electronics,South America,Retail,Cust_0013,8,139,1121.45,789.52
2022-09-13,Standing Desk,Furniture,Europe,Retail,Cust_0005,9,429,3445.75,3166.02
2023-08-23,Monitor 27in,Electronics,Europe,Partner,Cust_0034,22,299,6718.94,3946.8
2023-05-20,Standing Desk,Furniture,North America,Retail,Cust_0016,10,429,4778.35,3517.8
2022-11-20,Ergonomic Chair,Furniture,Europe,Wholesale,Cust_0007,24,249,5634.62,4482.0
2023-03-24,Laptop Stand,Accessories,South America,Online,Cust_0019,15,39,663.18,245.7
2023-08-13,Mechanical Keyboard,Electronics,Asia Pacific,Partner,Cust_0003,12,129,1402.45,1006.2
2023-03-01,Desk Mat,Accessories,Asia Pacific,Partner,Cust_0035,22,29,673.06,331.76
2023-05-06,USB-C Dock,Electronics,North America,Online,Cust_0031,24,99,2288.52,1663.2
2023-09-04,Smart Speaker,Electronics,Middle East,Partner,Cust_0037,9,119,1218.79,664.02
2023-12-09,Fitness Tracker,Electronics,North America,Retail,Cust_0024,1,139,128.22,98.69
2023-12-04,Noise-cancelling Mic,Electronics,Asia Pacific,Partner,Cust_0009,6,149,884.8,697.32
2022-09-11,Cable Organizer,Accessories,North America,Partner,Cust_0019,23,15,364.34,120.75
2022-09-06,Power Bank,Accessories,Europe,Retail,Cust_0014,10,49,447.21,274.4
2023-07-08,USB-C Dock,Electronics,Middle East,Partner,Cust_0021,17,99,1876.62,1178.1
2022-11-12,Standing Desk,Furniture,Europe,Retail,Cust_0007,24,429,9029.77,8442.72
2023-10-18,Noise-cancelling Mic,Electronics,Middle East,Online,Cust_0004,15,149,2306.38,1743.3
2023-01-29,USB-C Dock,Electronics,Europe,Online,Cust_0032,19,99,1721.18,1316.7
2023-08-28,Cable Organizer,Accessories,North America,Retail,Cust_0027,11,15,182.56,57.75
2022-09-26,Laptop Stand,Accessories,Asia Pacific,Wholesale,Cust_0025,25,39,856.63,409.5
2023-12-04,Power Bank,Accessories,North America,Online,Cust_0012,14,49,626.05,384.16
2022-08-06,Smart Speaker,Electronics,Asia Pacific,Online,Cust_0027,1,119,105.15,73.78
2022-11-17,Power Bank,Accessories,Europe,Online,Cust_0025,20,49,931.15,548.8
2023-12-01,Desk Lamp,Home,Middle East,Partner,Cust_0008,24,45,1229.16,540.0
2023-09-08,Fitness Tracker,Electronics,South America,Retail,Cust_0024,1,139,143.58,98.69
2023-06-29,Mechanical Keyboard,Electronics,Asia Pacific,Online,Cust_0039,2,129,224.79,167.7
2022-11-13,Power Bank,Accessories,North America,Partner,Cust_0035,17,49,781.08,466.48
2023-03-03,Standing Desk,Furniture,Asia Pacific,Wholesale,Cust_0002,17,429,7482.38,5980.26
2023-08-31,USB-C Dock,Electronics,Europe,Retail,Cust_0039,6,99,612.17,415.8
2022-12-08,Laptop Stand,Accessories,Asia Pacific,Wholesale,Cust_0022,8,39,296.81,131.04
2022-09-26,Laptop Stand,Accessories,Asia Pacific,Online,Cust_0009,9,39,353.07,147.42
2023-08-31,Desk Mat,Accessories,North America,Partner,Cust_0022,2,29,53.44,30.16
2023-08-18,Standing Desk,Furniture,Middle East,Online,Cust_0007,14,429,5315.03,4924.92
2022-11-18,Standing Desk,Furniture,North America,Online,Cust_0013,25,429,11931.01,8794.5
2022-09-04,Noise-cancelling Mic,Electronics,South America,Partner,Cust_0026,7,149,1163.32,813.54
2022-10-08,Power Bank,Accessories,South America,Online,Cust_0010,25,49,1292.95,686.0
2022-09-22,Ergonomic Chair,Furniture,North America,Retail,Cust_0012,24,249,6455.74,4482.0
2023-03-27,Fitness Tracker,Electronics,North America,Partner,Cust_0028,11,139,1533.16,1085.59
2023-01-13,Standing Desk,Furniture,South America,Online,Cust_0032,19,429,7966.32,6683.82
2022-12-03,Monitor 27in,Electronics,Asia Pacific,Partner,Cust_0003,7,299,1851.78,1255.8
2023-05-17,Fitness Tracker,Electronics,Middle East,Online,Cust_0029,18,139,2712.35,1776.42
2023-06-25,Desk Lamp,Home,Middle East,Wholesale,Cust_0034,8,45,320.74,180.0
2022-08-26,USB-C Dock,Electronics,Middle East,Partner,Cust_0008,8,99,685.89,554.4
2023-07-24,Webcam HD,Electronics,Middle East,Online,Cust_0004,23,79,1821.03,1217.39
2022-09-14,Smart Speaker,Electronics,Middle East,Partner,Cust_0012,10,119,1345.28,737.8
2023-10-16,Desk Lamp,Home,South America,Retail,Cust_0039,19,45,907.88,427.5
2023-09-13,Smart Speaker,Electronics,Asia Pacific,Wholesale,Cust_0036,20,119,2481.21,1475.6
2023-10-20,Laptop Stand,Accessories,Europe,Partner,Cust_0035,17,39,719.39,278.46
2023-08-07,Cable Organizer,Accessories,Europe,Retail,Cust_0022,19,15,290.59,99.75
2023-05-07,Wireless Headphones,Electronics,Middle East,Partner,Cust_0040,25,89,2420.11,1290.5
2023-01-25,Mechanical Keyboard,Electronics,Europe,Online,Cust_0015,7,129,847.31,586.95
2022-12-01,Smart Speaker,Electronics,Middle East,Wholesale,Cust_0036,14,119,1896.22,1032.92
2022-09-04,Standing Desk,Furniture,Middle East,Online,Cust_0031,20,429,7691.97,7035.6
2022-11-07,Webcam HD,Electronics,North America,Wholesale,Cust_0029,25,79,1781.79,1323.25
2023-02-16,Desk Lamp,Home,Middle East,Retail,Cust_0039,18,45,742.06,405.0
2023-07-15,Cable Organizer,Accessories,Middle East,Retail,Cust_0002,8,15,132.09,42.0
2023-04-27,Power Bank,Accessories,South America,Partner,Cust_0008,1,49,56.08,27.44
2023-09-27,Ergonomic Chair,Furniture,South America,Retail,Cust_0038,1,249,268.65,186.75
2022-12-07,Standing Desk,Furniture,North America,Partner,Cust_0036,22,429,9105.12,7739.16
2023-08-01,Ergonomic Chair,Furniture,Europe,Online,Cust_0001,14,249,3550.62,2614.5
2023-09-19,Laptop Stand,Accessories,Europe,Retail,Cust_0034,22,39,810.05,360.36
2023-06-19,Fitness Tracker,Electronics,Asia Pacific,Online,Cust_0013,25,139,3764.0,2467.25
2023-08-22,Noise-cancelling Mic,Electronics,Middle East,Retail,Cust_0020,5,149,823.17,581.1
2023-04-14,Cable Organizer,Accessories,Europe,Online,Cust_0031,2,15,32.27,10.5
2022-07-11,Wireless Headphones,Electronics,Middle East,Wholesale,Cust_0026,22,89,2197.27,1135.64
2023-08-12,Laptop Stand,Accessories,South America,Online,Cust_0033,2,39,71.03,32.76
2022-10-01,Cable Organizer,Accessories,North America,Partner,Cust_0004,7,15,119.03,36.75
2023-07-29,Noise-cancelling Mic,Electronics,North America,Partner,Cust_0019,2,149,309.61,232.44
2022-09-22,Power Bank,Accessories,North America,Partner,Cust_0030,24,49,1143.47,658.56
2023-01-07,Power Bank,Accessories,Middle East,Retail,Cust_0029,21,49,1072.86,576.24
2022-12-04,Wireless Headphones,Electronics,Europe,Partner,Cust_0018,24,89,1988.69,1238.88
2023-11-29,Webcam HD,Electronics,South America,Partner,Cust_0011,15,79,1027.93,793.95
2023-10-12,Fitness Tracker,Electronics,South America,Wholesale,Cust_0009,5,139,715.08,493.45
2023-06-27,Wireless Headphones,Electronics,South America,Online,Cust_0031,18,89,1805.21,929.16
2022-08-27,Mechanical Keyboard,Electronics,Asia Pacific,Online,Cust_0002,19,129,2375.47,1593.15
2023-12-28,Cable Organizer,Accessories,North America,Partner,Cust_0013,18,15,245.57,94.5
2023-10-17,USB-C Dock,Electronics,Asia Pacific,Retail,Cust_0023,3,99,316.15,207.9
2023-01-01,USB-C Dock,Electronics,North America,Wholesale,Cust_0030,12,99,1203.93,831.6
2022-09-29,Webcam HD,Electronics,Europe,Retail,Cust_0007,1,79,69.01,52.93
2022-12-24,Wireless Headphones,Electronics,Europe,Online,Cust_0028,13,89,1066.05,671.06
2023-12-17,Cable Organizer,Accessories,South America,Retail,Cust_0032,11,15,167.28,57.75
2023-06-28,Standing Desk,Furniture,Europe,Retail,Cust_0029,4,429,1496.87,1407.12
2023-05-09,Desk Lamp,Home,Europe,Online,Cust_0038,9,45,383.5,202.5
2022-12-01,Power Bank,Accessories,Middle East,Partner,Cust_0003,13,49,727.41,356.72
2022-10-14,Standing Desk,Furniture,North America,Partner,Cust_0016,9,429,3805.1,3166.02
2023-03-23,Power Bank,Accessories,South America,Wholesale,Cust_0035,4,49,172.97,109.76
2022-12-02,Fitness Tracker,Electronics,Middle East,Wholesale,Cust_0011,15,139,2344.69,1480.35
2022-09-24,Wireless Headphones,Electronics,South America,Online,Cust_0038,6,89,539.81,309.72
2023-01-12,Laptop Stand,Accessories,Asia Pacific,Retail,Cust_0034,21,39,924.79,343.98
2023-09-12,Mechanical Keyboard,Electronics,South America,Partner,Cust_0039,19,129,2405.36,1593.15
2023-09-19,Power Bank,Accessories,North America,Retail,Cust_0033,8,49,354.04,219.52
2023-06-01,Standing Desk,Furniture,Europe,Partner,Cust_0037,1,429,461.21,351.78
2022-08-02,Webcam HD,Electronics,South America,Wholesale,Cust_0008,23,79,1791.69,1217.39
2022-09-10,Standing Desk,Furniture,South America,Retail,Cust_0034,16,429,7440.34,5628.48
2022-12-07,Power Bank,Accessories,North America,Partner,Cust_0025,1,49,49.6,27.44
2022-10-04,Cable Organizer,Accessories,Europe,Retail,Cust_0023,6,15,85.35,31.5
2022-12-20,Laptop Stand,Accessories,North America,Partner,Cust_0022,13,39,512.94,212.94
2023-10-11,Fitness Tracker,Electronics,South America,Partner,Cust_0037,4,139,497.68,394.76
2022-09-22,Noise-cancelling Mic,Electronics,North America,Retail,Cust_0037,21,149,2789.89,2440.62
2023-08-21,Webcam HD,Electronics,Middle East,Online,Cust_0038,25,79,1995.3,1323.25
2023-04-10,USB-C Dock,Electronics,Middle East,Partner,Cust_0002,14,99,1574.39,970.2
2022-11-16,Fitness Tracker,Electronics,North America,Partner,Cust_0039,2,139,294.0,197.38
2023-03-02,Cable Organizer,Accessories,Middle East,Wholesale,Cust_0017,18,15,270.6,94.5
2023-05-04,Cable Organizer,Accessories,Middle East,Partner,Cust_0022,5,15,82.79,26.25
2023-12-16,Noise-cancelling Mic,Electronics,North America,Online,Cust_0019,21,149,2985.17,2440.62
2023-12-11,Webcam HD,Electronics,South America,Online,Cust_0006,25,79,1890.24,1323.25
2023-01-09,USB-C Dock,Electronics,South America,Wholesale,Cust_0025,18,99,1770.03,1247.4
2023-01-17,Wireless Headphones,Electronics,Asia Pacific,Wholesale,Cust_0025,20,89,1929.65,1032.4
2022-09-13,Desk Mat,Accessories,South America,Wholesale,Cust_0040,21,29,614.88,316.68
2023-08-07,Noise-cancelling Mic,Electronics,Middle East,Wholesale,Cust_0032,5,149,793.84,581.1
2022-12-14,Power Bank,Accessories,Middle East,Partner,Cust_0037,5,49,222.67,137.2
2022-08-18,Smart Speaker,Electronics,Middle East,Partner,Cust_0001,21,119,2422.98,1549.38
2023-01-16,Cable Organizer,Accessories,Asia Pacific,Retail,Cust_0004,21,15,333.47,110.25
2022-08-09,Cable Organizer,Accessories,South America,Wholesale,Cust_0040,12,15,170.92,63.0
2023-10-20,Monitor 27in,Electronics,North America,Online,Cust_0011,2,299,558.46,358.8
2023-01-06,Smart Speaker,Electronics,Asia Pacific,Partner,Cust_0018,24,119,2642.83,1770.72
2023-12-28,Standing Desk,Furniture,Europe,Wholesale,Cust_0009,15,429,6151.25,5276.7
2023-05-07,Mechanical Keyboard,Electronics,Europe,Retail,Cust_0035,21,129,2903.53,1760.85
2023-04-11,Smart Speaker,Electronics,Europe,Retail,Cust_0035,13,119,1760.71,959.14
2022-10-23,Ergonomic Chair,Furniture,Asia Pacific,Retail,Cust_0006,13,249,3416.14,2427.75
2023-06-10,Mechanical Keyboard,Electronics,South America,Partner,Cust_0012,18,129,2610.36,1509.3
2023-06-26,Standing Desk,Furniture,South America,Retail,Cust_0038,6,429,2359.06,2110.68
2023-02-22,Ergonomic Chair,Furniture,North America,Partner,Cust_0015,17,249,4690.74,3174.75
2023-12-08,Laptop Stand,Accessories,Asia Pacific,Wholesale,Cust_0024,18,39,602.1,294.84
2023-11-23,Noise-cancelling Mic,Electronics,Middle East,Wholesale,Cust_0021,9,149,1146.14,1045.98
2023-06-03,Smart Speaker,Electronics,Asia Pacific,Partner,Cust_0015,16,119,1622.74,1180.48
2023-05-19,Cable Organizer,Accessories,Middle East,Online,Cust_0037,20,15,261.71,105.0
2022-11-02,Fitness Tracker,Electronics,Europe,Wholesale,Cust_0004,16,139,2023.27,1579.04
2023-06-16,Monitor 27in,Electronics,North America,Partner,Cust_0006,8,299,2634.95,1435.2
2023-02-10,Standing Desk,Furniture,Asia Pacific,Online,Cust_0019,10,429,4230.38,3517.8
2023-06-09,Power Bank,Accessories,North America,Retail,Cust_0014,11,49,576.02,301.84
2023-07-19,Monitor 27in,Electronics,South America,Wholesale,Cust_0034,7,299,1840.19,1255.8
2023-09-19,Webcam HD,Electronics,North America,Online,Cust_0040,11,79,807.93,582.23
2022-12-10,Desk Mat,Accessories,Asia Pacific,Online,Cust_0006,21,29,524.08,316.68
2023-07-07,Mechanical Keyboard,Electronics,Middle East,Wholesale,Cust_0034,15,129,2195.05,1257.75
2022-11-11,Desk Mat,Accessories,Middle East,Wholesale,Cust_0004,19,29,568.37,286.52
2022-11-21,Smart Speaker,Electronics,Asia Pacific,Online,Cust_0024,16,119,1692.53,1180.48
2023-12-18,Noise-cancelling Mic,Electronics,South America,Partner,Cust_0011,18,149,2995.94,2091.96
2023-06-13,Noise-cancelling Mic,Electronics,South America,Wholesale,Cust_0004,25,149,4234.07,2905.5
2023-12-10,Standing Desk,Furniture,Middle East,Wholesale,Cust_0029,25,429,10015.66,8794.5
2022-12-28,Mechanical Keyboard,Electronics,Middle East,Partner,Cust_0022,16,129,2363.17,1341.6
2023-04-22,Noise-cancelling Mic,Electronics,Middle East,Partner,Cust_0028,21,149,3565.06,2440.62
2023-05-30,Smart Speaker,Electronics,Europe,Partner,Cust_0033,23,119,2432.29,1696.94
2022-11-08,Laptop Stand,Accessories,Asia Pacific,Wholesale,Cust_0002,23,39,799.08,376.74
2022-07-16,Fitness Tracker,Electronics,Europe,Online,Cust_0020,2,139,267.37,197.38
2023-03-02,Monitor 27in,Electronics,North America,Retail,Cust_0016,21,299,5584.16,3767.4
2022-11-05,Smart Speaker,Electronics,North America,Partner,Cust_0014,11,119,1114.84,811.58
2023-06-23,Webcam HD,Electronics,South America,Retail,Cust_0036,2,79,169.29,105.86
2022-10-20,Desk Lamp,Home,Middle East,Partner,Cust_0034,10,45,465.78,225.0
2023-08-09,Monitor 27in,Electronics,Europe,Wholesale,Cust_0032,20,299,6810.79,3588.0
2023-02-22,Standing Desk,Furniture,Asia Pacific,Wholesale,Cust_0027,15,429,5758.75,5276.7
2022-07-16,Mechanical Keyboard,Electronics,Asia Pacific,Retail,Cust_0019,12,129,1412.93,1006.2
2022-09-19,Noise-cancelling Mic,Electronics,Middle East,Retail,Cust_0007,7,149,1117.17,813.54
2023-01-20,Power Bank,Accessories,Europe,Retail,Cust_0039,3,49,131.27,82.32
2022-07-17,Cable Organizer,Accessories,North America,Online,Cust_0025,10,15,160.72,52.5
2022-10-10,Noise-cancelling Mic,Electronics,Asia Pacific,Wholesale,Cust_0032,8,149,1070.47,929.76
2023-10-27,Ergonomic Chair,Furniture,South America,Retail,Cust_0026,1,249,250.4,186.75
2022-10-07,Cable Organizer,Accessories,Europe,Retail,Cust_0023,15,15,223.66,78.75
2023-06-03,Desk Lamp,Home,Middle East,Partner,Cust_0018,24,45,1074.76,540.0
2023-08-02,Mechanical Keyboard,Electronics,Asia Pacific,Online,Cust_0010,19,129,2538.22,1593.15
2023-12-15,Power Bank,Accessories,South America,Wholesale,Cust_0036,25,49,1129.85,686.0
2022-10-22,Standing Desk,Furniture,South America,Retail,Cust_0008,2,429,895.43,703.56
2023-01-05,Laptop Stand,Accessories,Europe,Retail,Cust_0029,15,39,635.41,245.7
2023-02-17,Fitness Tracker,Electronics,North America,Retail,Cust_0021,19,139,2388.88,1875.11
2022-12-15,Monitor 27in,Electronics,South America,Retail,Cust_0011,19,299,6457.04,3408.6
2023-09-20,Smart Speaker,Electronics,Asia Pacific,Online,Cust_0016,11,119,1329.87,811.58
2022-12-04,USB-C Dock,Electronics,Asia Pacific,Partner,Cust_0016,6,99,645.56,415.8
2023-02-03,Ergonomic Chair,Furniture,Asia Pacific,Partner,Cust_0027,18,249,3973.95,3361.5
2023-10-27,Desk Mat,Accessories,Europe,Wholesale,Cust_0011,24,29,760.36,361.92
2023-05-02,USB-C Dock,Electronics,Asia Pacific,Partner,Cust_0017,1,99,101.3,69.3
2023-12-02,Monitor 27in,Electronics,Europe,Online,Cust_0029,23,299,7090.75,4126.2
2023-10-02,Wireless Headphones,Electronics,South America,Retail,Cust_0005,6,89,479.87,309.72
2023-06-14,USB-C Dock,Electronics,Middle East,Wholesale,Cust_0032,22,99,2320.94,1524.6
2023-02-14,Webcam HD,Electronics,Europe,Partner,Cust_0038,23,79,2062.97,1217.39
2023-12-23,USB-C Dock,Electronics,North America,Retail,Cust_0007,5,99,440.76,346.5
2023-07-18,Standing Desk,Furniture,Middle East,Online,Cust_0013,24,429,9286.79,8442.72
2022-08-24,Desk Lamp,Home,Middle East,Wholesale,Cust_0030,25,45,1131.29,562.5
2023-12-10,Power Bank,Accessories,Asia Pacific,Wholesale,Cust_0014,19,49,984.99,521.36
2023-07-26,Cable Organizer,Accessories,Europe,Partner,Cust_0016,17,15,265.51,89.25
2023-08-17,Fitness Tracker,Electronics,Europe,Online,Cust_0002,2,139,259.5,197.38
2023-05-15,USB-C Dock,Electronics,Middle East,Online,Cust_0037,13,99,1217.79,900.9
2023-10-24,Laptop Stand,Accessories,Europe,Retail,Cust_0037,12,39,523.95,196.56
2022-10-13,Wireless Headphones,Electronics,Middle East,Retail,Cust_0011,25,89,2411.38,1290.5
2023-07-01,Cable Organizer,Accessories,Asia Pacific,Online,Cust_0013,1,15,14.9,5.25
2023-12-15,USB-C Dock,Electronics,North America,Retail,Cust_0037,2,99,192.99,138.6
2023-11-03,Laptop Stand,Accessories,North America,Wholesale,Cust_0039,7,39,311.28,114.66
2022-12-05,Standing Desk,Furniture,Europe,Retail,Cust_0008,2,429,782.65,703.56
2022-11-07,Power Bank,Accessories,South America,Wholesale,Cust_0030,22,49,1159.71,603.68
2022-11-29,Wireless Headphones,Electronics,North America,Online,Cust_0008,4,89,343.46,206.48
2022-10-25,Mechanical Keyboard,Electronics,North America,Online,Cust_0040,6,129,825.47,503.1
2023-10-10,Mechanical Keyboard,Electronics,Middle East,Partner,Cust_0029,24,129,3497.62,2012.4
2023-01-28,Fitness Tracker,Electronics,North America,Retail,Cust_0019,20,139,2839.95,1973.8
2023-09-24,Standing Desk,Furniture,Middle East,Retail,Cust_0001,11,429,4945.99,3869.58
2023-10-19,Cable Organizer,Accessories,Middle East,Partner,Cust_0007,22,15,295.31,115.5
2023-04-24,Mechanical Keyboard,Electronics,Asia Pacific,Online,Cust_0002,4,129,560.87,335.4
2023-08-18,Cable Organizer,Accessories,Asia Pacific,Retail,Cust_0001,17,15,260.85,89.25
2023-06-09,Mechanical Keyboard,Electronics,South America,Partner,Cust_0009,5,129,551.56,419.25
2023-01-24,Desk Mat,Accessories,South America,Partner,Cust_0005,12,29,380.41,180.96
2022-07-11,Smart Speaker,Electronics,Europe,Partner,Cust_0038,7,119,832.14,516.46
2022-07-27,Smart Speaker,Electronics,South America,Retail,Cust_0008,4,119,424.86,295.12
2023-01-21,Standing Desk,Furniture,Middle East,Partner,Cust_0024,12,429,4974.05,4221.36
2022-11-20,USB-C Dock,Electronics,North America,Partner,Cust_0010,1,99,84.91,69.3
2023-11-15,Fitness Tracker,Electronics,North America,Wholesale,Cust_0024,2,139,287.53,197.38
2023-11-12,USB-C Dock,Electronics,Asia Pacific,Wholesale,Cust_0004,18,99,1603.63,1247.4
2022-09-10,Webcam HD,Electronics,South America,Online,Cust_0028,24,79,2101.89,1270.32
2022-08-01,Standing Desk,Furniture,Europe,Retail,Cust_0019,8,429,3463.97,2814.24
2022-10-27,Ergonomic Chair,Furniture,Europe,Partner,Cust_0001,11,249,2510.43,2054.25
2023-04-28,Wireless Headphones,Electronics,North America,Online,Cust_0002,8,89,736.81,412.96
2023-08-29,Webcam HD,Electronics,Asia Pacific,Wholesale,Cust_0028,19,79,1677.99,1005.67
2023-05-21,Monitor 27in,Electronics,South America,Partner,Cust_0038,3,299,944.65,538.2
2023-07-01,Ergonomic Chair,Furniture,Europe,Wholesale,Cust_0016,10,249,2304.21,1867.5
2022-10-26,Mechanical Keyboard,Electronics,South America,Wholesale,Cust_0001,9,129,1025.36,754.65
2022-09-08,Smart Speaker,Electronics,North America,Online,Cust_0014,4,119,408.4,295.12
2023-09-05,Noise-cancelling Mic,Electronics,South America,Online,Cust_0026,8,149,1111.96,929.76
2022-10-10,Webcam HD,Electronics,Middle East,Wholesale,Cust_0003,6,79,480.31,317.58
2023-12-21,Laptop Stand,Accessories,South America,Partner,Cust_0007,24,39,837.2,393.12
2022-08-10,Power Bank,Accessories,Asia Pacific,Online,Cust_0004,24,49,1163.11,658.56
2023-01-26,Noise-cancelling Mic,Electronics,South America,Wholesale,Cust_0007,2,149,275.34,232.44
2023-10-26,Desk Mat,Accessories,North America,Partner,Cust_0004,8,29,253.78,120.64
2023-04-30,Ergonomic Chair,Furniture,South America,Partner,Cust_0020,17,249,3851.39,3174.75
2023-08-24,Mechanical Keyboard,Electronics,North America,Retail,Cust_0002,4,129,526.08,335.4
2023-01-12,Ergonomic Chair,Furniture,South America,Partner,Cust_0028,18,249,4755.5,3361.5
2023-03-26,Webcam HD,Electronics,North America,Retail,Cust_0036,1,79,67.28,52.93
2023-01-29,Cable Organizer,Accessories,Middle East,Retail,Cust_0026,25,15,336.37,131.25
2023-10-03,Fitness Tracker,Electronics,South America,Wholesale,Cust_0028,9,139,1372.29,888.21
2022-09-28,Ergonomic Chair,Furniture,Middle East,Online,Cust_0016,19,249,5200.35,3548.25
2023-11-08,Wireless Headphones,Electronics,Asia Pacific,Online,Cust_0026,2,89,173.45,103.24
2022-10-20,Desk Lamp,Home,North America,Online,Cust_0008,11,45,428.26,247.5
2023-11-19,Cable Organizer,Accessories,Asia Pacific,Online,Cust_0003,15,15,192.58,78.75
2023-04-04,Monitor 27in,Electronics,Middle East,Online,Cust_0018,8,299,2445.22,1435.2
2023-05-28,USB-C Dock,Electronics,Asia Pacific,Online,Cust_0012,22,99,1878.94,1524.6
2023-12-05,Wireless Headphones,Electronics,Middle East,Partner,Cust_0032,19,89,1908.76,980.78
2023-08-18,Smart Speaker,Electronics,Europe,Wholesale,Cust_0005,20,119,2164.85,1475.6
2023-10-02,Cable Organizer,Accessories,South America,Wholesale,Cust_0039,4,15,61.02,21.0
2023-05-05,Laptop Stand,Accessories,North America,Wholesale,Cust_0010,14,39,499.53,229.32
2023-04-29,Wireless Headphones,Electronics,Middle East,Wholesale,Cust_0018,16,89,1316.45,825.92
2023-01-04,Smart Speaker,Electronics,Europe,Wholesale,Cust_0014,11,119,1402.06,811.58
2023-12-19,Cable Organizer,Accessories,Middle East,Partner,Cust_0037,19,15,320.22,99.75
2023-10-09,Smart Speaker,Electronics,Asia Pacific,Online,Cust_0011,1,119,132.69,73.78
2022-11-29,Wireless Headphones,Electronics,North America,Wholesale,Cust_0033,7,89,615.66,361.34
2023-01-01,Laptop Stand,Accessories,North America,Wholesale,Cust_0011,3,39,122.64,49.14
2022-08-07,Cable Organizer,Accessories,North America,Partner,Cust_0035,22,15,373.93,115.5
2022-10-03,USB-C Dock,Electronics,Europe,Wholesale,Cust_0008,12,99,1039.56,831.6
2023-10-08,Wireless Headphones,Electronics,Middle East,Partner,Cust_0002,24,89,2338.06,1238.88
2022-09-20,Noise-cancelling Mic,Electronics,Asia Pacific,Partner,Cust_0035,13,149,1726.78,1510.86
2022-11-10,Webcam HD,Electronics,Middle East,Retail,Cust_0029,12,79,1082.38,635.16
2023-07-27,Webcam HD,Electronics,North America,Retail,Cust_0002,1,79,73.3,52.93
2022-08-26,Standing Desk,Furniture,South America,Partner,Cust_0006,16,429,7541.09,5628.48
2023-01-10,Power Bank,Accessories,Middle East,Wholesale,Cust_0006,7,49,322.37,192.08
2023-08-26,Laptop Stand,Accessories,Europe,Online,Cust_0033,25,39,1089.36,409.5
2023-04-12,Smart Speaker,Electronics,Middle East,Wholesale,Cust_0033,6,119,639.12,442.68
2023-08-15,Monitor 27in,Electronics,North America,Wholesale,Cust_0018,22,299,5676.42,3946.8
2023-07-08,USB-C Dock,Electronics,Asia Pacific,Online,Cust_0006,23,99,2475.18,1593.9
2023-09-16,Laptop Stand,Accessories,North America,Wholesale,Cust_0032,12,39,524.1,196.56
2023-03-21,Mechanical Keyboard,Electronics,Middle East,Partner,Cust_0036,16,129,1893.18,1341.6
2023-07-31,Ergonomic Chair,Furniture,Middle East,Wholesale,Cust_0026,4,249,900.9,747.0
2022-08-25,Fitness Tracker,Electronics,Asia Pacific,Wholesale,Cust_0040,20,139,2676.85,1973.8
2023-03-21,Desk Mat,Accessories,North America,Wholesale,Cust_0018,9,29,257.32,135.72
2023-05-25,Mechanical Keyboard,Electronics,North America,Wholesale,Cust_0010,3,129,394.06,251.55
2022-10-22,Standing Desk,Furniture,Asia Pacific,Retail,Cust_0038,5,429,2312.34,1758.9
2023-08-30,Desk Lamp,Home,North America,Retail,Cust_0033,18,45,923.64,405.0
2023-02-22,Desk Lamp,Home,Middle East,Wholesale,Cust_0033,18,45,743.89,405.0
2022-08-21,Fitness Tracker,Electronics,Asia Pacific,Retail,Cust_0026,14,139,1934.05,1381.66
2023-12-31,Webcam HD,Electronics,South America,Online,Cust_0002,20,79,1638.42,1058.6
2022-09-12,Laptop Stand,Accessories,Europe,Online,Cust_0008,10,39,400.12,163.8
2023-03-21,Ergonomic Chair,Furniture,Europe,Retail,Cust_0027,22,249,4833.72,4108.5
2023-02-13,Webcam HD,Electronics,North America,Wholesale,Cust_0022,24,79,1717.73,1270.32
2023-03-21,Wireless Headphones,Electronics,Middle East,Partner,Cust_0033,9,89,703.53,464.58
2023-06-15,Smart Speaker,Electronics,Europe,Online,Cust_0024,23,119,3070.72,1696.94
2023-04-21,Smart Speaker,Electronics,Europe,Wholesale,Cust_0017,10,119,1055.97,737.8
2022-10-17,Standing Desk,Furniture,Europe,Online,Cust_0019,11,429,4398.49,3869.58
2023-09-09,Standing Desk,Furniture,South America,Wholesale,Cust_0005,3,429,1392.17,1055.34
2022-11-16,Desk Mat,Accessories,Middle East,Online,Cust_0035,9,29,296.74,135.72
2022-07-12,Power Bank,Accessories,Middle East,Wholesale,Cust_0010,13,49,559.97,356.72
2022-09-29,Webcam HD,Electronics,Middle East,Wholesale,Cust_0007,9,79,772.28,476.37
2023-06-09,Monitor 27in,Electronics,South America,Wholesale,Cust_0017,6,299,1818.71,1076.4
2023-03-21,Desk Mat,Accessories,Middle East,Wholesale,Cust_0036,19,29,541.14,286.52
2023-12-10,Standing Desk,Furniture,North America,Partner,Cust_0021,19,429,7760.45,6683.82
2023-04-03,Ergonomic Chair,Furniture,North America,Online,Cust_0008,22,249,5664.85,4108.5
2023-01-10,Wireless Headphones,Electronics,Asia Pacific,Wholesale,Cust_0016,22,89,2073.71,1135.64
2023-08-04,Fitness Tracker,Electronics,Asia Pacific,Online,Cust_0008,23,139,2784.95,2269.87
2022-09-28,Standing Desk,Furniture,Europe,Online,Cust_0039,22,429,9545.08,7739.16
2023-08-18,USB-C Dock,Electronics,Europe,Partner,Cust_0027,14,99,1583.86,970.2
2022-11-15,Laptop Stand,Accessories,Asia Pacific,Partner,Cust_0024,17,39,682.79,278.46
2023-08-02,Webcam HD,Electronics,North America,Online,Cust_0039,1,79,82.7,52.93
2023-05-14,Smart Speaker,Electronics,Middle East,Partner,Cust_0038,5,119,550.41,368.9
2022-08-27,Desk Lamp,Home,Asia Pacific,Wholesale,Cust_0036,13,45,604.9,292.5
2023-09-24,Webcam HD,Electronics,Asia Pacific,Online,Cust_0028,14,79,1027.07,741.02
2022-07-24,Power Bank,Accessories,South America,Partner,Cust_0024,10,49,488.53,274.4
2023-10-06,Ergonomic Chair,Furniture,Middle East,Online,Cust_0029,18,249,4861.87,3361.5
2023-05-21,Smart Speaker,Electronics,Europe,Retail,Cust_0033,11,119,1428.88,811.58
2022-08-08,Standing Desk,Furniture,Asia Pacific,Retail,Cust_0017,5,429,2337.36,1758.9
2023-08-04,Smart Speaker,Electronics,South America,Retail,Cust_0022,5,119,630.81,368.9
2022-09-03,Laptop Stand,Accessories,Middle East,Partner,Cust_0039,13,39,483.73,212.94
2022-09-02,Wireless Headphones,Electronics,Europe,Wholesale,Cust_0012,23,89,1812.67,1187.26
2022-12-12,Desk Lamp,Home,South America,Wholesale,Cust_0031,6,45,285.71,135.0
2023-11-07,Desk Lamp,Home,Asia Pacific,Retail,Cust_0040,13,45,509.07,292.5
2022-08-07,Laptop Stand,Accessories,Asia Pacific,Retail,Cust_0007,3,39,102.69,49.14
2023-12-07,Power Bank,Accessories,North America,Wholesale,Cust_0001,9,49,475.46,246.96
2022-07-25,Laptop Stand,Accessories,South America,Wholesale,Cust_0032,16,39,716.03,262.08
2022-11-17,USB-C Dock,Electronics,Middle East,Retail,Cust_0039,3,99,331.08,207.9
2023-07-11,Webcam HD,Electronics,South America,Partner,Cust_0009,1,79,90.71,52.93
2023-09-01,Smart Speaker,Electronics,South America,Retail,Cust_0005,9,119,957.67,664.02
2022-10-31,Fitness Tracker,Electronics,Europe,Online,Cust_0034,6,139,771.76,592.14
2023-11-12,Ergonomic Chair,Furniture,Asia Pacific,Wholesale,Cust_0038,8,249,2129.15,1494.0
2022-08-28,Webcam HD,Electronics,Europe,Partner,Cust_0024,18,79,1628.22,952.74
2023-12-18,Mechanical Keyboard,Electronics,North America,Retail,Cust_0036,10,129,1365.36,838.5
2023-03-05,Noise-cancelling Mic,Electronics,Asia Pacific,Partner,Cust_0018,11,149,1416.33,1278.42
2023-09-22,Desk Lamp,Home,Asia Pacific,Partner,Cust_0030,10,45,428.2,225.0
2022-12-06,Power Bank,Accessories,North America,Online,Cust_0009,7,49,388.74,192.08
2022-12-14,Fitness Tracker,Electronics,Asia Pacific,Wholesale,Cust_0035,23,139,3307.08,2269.87
2023-11-25,Cable Organizer,Accessories,South America,Online,Cust_0029,20,15,336.11,105.0
2023-08-21,Smart Speaker,Electronics,Asia Pacific,Retail,Cust_0011,7,119,830.32,516.46
2022-08-10,USB-C Dock,Electronics,Europe,Wholesale,Cust_0005,18,99,1994.63,1247.4
2023-07-07,Desk Mat,Accessories,North America,Online,Cust_0039,1,29,31.47,15.08
2023-03-19,Power Bank,Accessories,Asia Pacific,Partner,Cust_0013,2,49,84.28,54.88
2023-03-02,Ergonomic Chair,Furniture,Asia Pacific,Retail,Cust_0040,24,249,6681.99,4482.0
2023-06-13,Power Bank,Accessories,North America,Partner,Cust_0003,8,49,434.08,219.52
2022-10-24,Noise-cancelling Mic,Electronics,South America,Wholesale,Cust_0031,3,149,447.69,348.66
2023-12-18,Fitness Tracker,Electronics,Asia Pacific,Wholesale,Cust_0012,3,139,389.33,296.07
2023-03-27,Fitness Tracker,Electronics,Asia Pacific,Partner,Cust_0017,22,139,2991.49,2171.18
2023-02-10,Power Bank,Accessories,North America,Partner,Cust_0031,18,49,909.19,493.92
2023-02-17,Webcam HD,Electronics,North America,Online,Cust_0021,23,79,1675.78,1217.39
2022-11-13,Mechanical Keyboard,Electronics,Middle East,Wholesale,Cust_0033,18,129,2434.2,1509.3
2023-08-09,Smart Speaker,Electronics,Middle East,Wholesale,Cust_0034,20,119,2390.35,1475.6
2022-12-15,Fitness Tracker,Electronics,Asia Pacific,Online,Cust_0021,25,139,3455.44,2467.25
2022-11-23,Power Bank,Accessories,Asia Pacific,Online,Cust_0029,16,49,826.58,439.04
2023-03-26,Standing Desk,Furniture,North America,Online,Cust_0039,8,429,3473.64,2814.24
2023-08-04,Desk Mat,Accessories,Asia Pacific,Retail,Cust_0009,9,29,292.68,135.72
2023-02-26,Monitor 27in,Electronics,Middle East,Retail,Cust_0016,15,299,4132.84,2691.0
2022-10-23,Mechanical Keyboard,Electronics,North America,Wholesale,Cust_0026,4,129,581.01,335.4
2022-12-17,Fitness Tracker,Electronics,Europe,Retail,Cust_0034,19,139,2931.72,1875.11
2022-08-29,Desk Mat,Accessories,Europe,Retail,Cust_0010,19,29,488.37,286.52
2022-11-06,Wireless Headphones,Electronics,Europe,Retail,Cust_0001,6,89,456.51,309.72
2023-12-26,Standing Desk,Furniture,South America,Wholesale,Cust_0008,15,429,5557.22,5276.7
2022-08-09,Noise-cancelling Mic,Electronics,South America,Wholesale,Cust_0008,21,149,2670.17,2440.62
2022-10-03,Power Bank,Accessories,Asia Pacific,Retail,Cust_0025,10,49,533.64,274.4
2023-05-01,Wireless Headphones,Electronics,Middle East,Retail,Cust_0019,24,89,2410.62,1238.88
2023-03-16,Cable Organizer,Accessories,South America,Online,Cust_0018,3,15,43.94,15.75
2022-11-28,USB-C Dock,Electronics,South America,Partner,Cust_0038,11,99,1029.02,762.3
2022-10-18,Wireless Headphones,Electronics,North America,Retail,Cust_0030,1,89,97.95,51.62
2023-08-27,Fitness Tracker,Electronics,Asia Pacific,Online,Cust_0018,6,139,944.95,592.14
2023-08-02,Webcam HD,Electronics,North America,Partner,Cust_0003,3,79,232.44,158.79
2023-08-13,Standing Desk,Furniture,North America,Online,Cust_0001,9,429,4330.1,3166.02
2023-08-16,Fitness Tracker,Electronics,North America,Partner,Cust_0006,12,139,1770.12,1184.28
2023-02-25,Desk Lamp,Home,Middle East,Wholesale,Cust_0021,1,45,39.61,22.5
2023-04-11,Smart Speaker,Electronics,North America,Wholesale,Cust_0034,20,119,2462.24,1475.6
2023-07-21,Smart Speaker,Electronics,South America,Retail,Cust_0027,18,119,2173.0,1328.04
2023-05-07,Noise-cancelling Mic,Electronics,Middle East,Wholesale,Cust_0037,5,149,759.44,581.1
2023-08-28,Mechanical Keyboard,Electronics,North America,Wholesale,Cust_0034,13,129,1543.22,1090.05
2023-09-26,Noise-cancelling Mic,Electronics,South America,Online,Cust_0034,18,149,3080.28,2091.96
2023-11-18,Smart Speaker,Electronics,Asia Pacific,Online,Cust_0002,20,119,2287.89,1475.6
2023-09-22,Mechanical Keyboard,Electronics,North America,Wholesale,Cust_0037,12,129,1526.86,1006.2
2023-07-31,Wireless Headphones,Electronics,Europe,Retail,Cust_0002,23,89,2319.21,1187.26
2022-11-22,Standing Desk,Furniture,South America,Partner,Cust_0034,23,429,10095.85,8090.94
2023-01-17,Standing Desk,Furniture,North America,Partner,Cust_0036,1,429,474.66,351.78
2023-07-22,Fitness Tracker,Electronics,South America,Online,Cust_0024,5,139,660.73,493.45
2023-05-27,Laptop Stand,Accessories,South America,Wholesale,Cust_0019,15,39,621.16,245.7
2022-11-28,Webcam HD,Electronics,Middle East,Wholesale,Cust_0012,10,79,857.32,529.3
2022-10-16,Noise-cancelling Mic,Electronics,Asia Pacific,Retail,Cust_0006,22,149,3384.75,2556.84
2023-08-26,Mechanical Keyboard,Electronics,Europe,Partner,Cust_0011,14,129,1611.45,1173.9
2023-11-10,Ergonomic Chair,Furniture,South America,Online,Cust_0004,17,249,4628.15,3174.75
2023-04-06,Desk Mat,Accessories,Asia Pacific,Partner,Cust_0009,24,29,613.57,361.92
2023-06-29,Cable Organizer,Accessories,South America,Partner,Cust_0003,10,15,141.85,52.5
2023-12-09,Mechanical Keyboard,Electronics,Europe,Retail,Cust_0024,1,129,128.88,83.85
2022-07-10,Desk Mat,Accessories,North America,Online,Cust_0005,19,29,572.84,286.52
2023-02-19,Fitness Tracker,Electronics,South America,Partner,Cust_0018,23,139,3629.21,2269.87
2023-10-23,Mechanical Keyboard,Electronics,Asia Pacific,Retail,Cust_0031,7,129,1036.25,586.95
2023-12-07,Mechanical Keyboard,Electronics,Asia Pacific,Partner,Cust_0001,18,129,2014.39,1509.3
2023-11-19,Noise-cancelling Mic,Electronics,Europe,Retail,Cust_0017,21,149,3332.77,2440.62
2023-03-13,Laptop Stand,Accessories,North America,Wholesale,Cust_0025,5,39,220.83,81.9
2023-07-27,Wireless Headphones,Electronics,North America,Online,Cust_0023,16,89,1613.24,825.92
2022-09-08,Laptop Stand,Accessories,North America,Partner,Cust_0040,4,39,140.93,65.52
2023-10-27,Fitness Tracker,Electronics,Asia Pacific,Online,Cust_0012,4,139,543.89,394.76
2022-08-23,Desk Mat,Accessories,South America,Retail,Cust_0004,12,29,381.49,180.96
2022-11-26,USB-C Dock,Electronics,South America,Online,Cust_0005,2,99,216.39,138.6
2023-05-27,Cable Organizer,Accessories,South America,Online,Cust_0017,1,15,16.83,5.25
2022-10-06,Fitness Tracker,Electronics,Middle East,Partner,Cust_0021,17,139,2504.16,1677.73
2023-02-27,Smart Speaker,Electronics,Middle East,Retail,Cust_0034,21,119,2475.25,1549.38
2023-02-13,Power Bank,Accessories,Europe,Partner,Cust_0039,14,49,636.01,384.16
2023-11-05,Smart Speaker,Electronics,North America,Wholesale,Cust_0040,4,119,517.84,295.12
2023-12-19,Fitness Tracker,Electronics,Europe,Wholesale,Cust_0020,5,139,759.83,493.45
2022-10-02,USB-C Dock,Electronics,North America,Online,Cust_0017,25,99,2350.48,1732.5
2022-12-14,Ergonomic Chair,Furniture,Europe,Wholesale,Cust_0012,25,249,5419.59,4668.75
2023-05-09,USB-C Dock,Electronics,South America,Partner,Cust_0017,24,99,2393.12,1663.2
2023-03-14,Ergonomic Chair,Furniture,Middle East,Wholesale,Cust_0004,5,249,1209.75,933.75
2023-04-15,Noise-cancelling Mic,Electronics,South America,Online,Cust_0029,14,149,1894.35,1627.08
2023-02-19,Desk Mat,Accessories,Middle East,Partner,Cust_0033,9,29,237.14,135.72
2023-05-16,Mechanical Keyboard,Electronics,South America,Retail,Cust_0020,11,129,1378.94,922.35
2022-11-28,Noise-cancelling Mic,Electronics,Asia Pacific,Partner,Cust_0004,2,149,293.13,232.44
2023-10-07,Fitness Tracker,Electronics,South America,Online,Cust_0024,9,139,1231.85,888.21
2023-06-18,Ergonomic Chair,Furniture,South America,Partner,Cust_0011,3,249,681.11,560.25
2023-01-13,Desk Mat,Accessories,Middle East,Online,Cust_0022,1,29,32.5,15.08
2023-06-07,Laptop Stand,Accessories,Asia Pacific,Wholesale,Cust_0002,2,39,81.89,32.76
2022-10-22,Fitness Tracker,Electronics,North America,Online,Cust_0007,8,139,1099.56,789.52
2023-12-11,Standing Desk,Furniture,Europe,Online,Cust_0022,4,429,1873.24,1407.12
2023-10-08,Cable Organizer,Accessories,Europe,Online,Cust_0011,13,15,202.83,68.25
2023-08-29,Desk Mat,Accessories,Europe,Partner,Cust_0021,20,29,635.26,301.6
2023-04-10,Desk Mat,Accessories,North America,Retail,Cust_0006,3,29,91.36,45.24
2023-01-12,Webcam HD,Electronics,North America,Partner,Cust_0001,11,79,779.82,582.23
2023-09-10,Smart Speaker,Electronics,North America,Online,Cust_0021,23,119,2417.59,1696.94
2023-02-14,Power Bank,Accessories,Asia Pacific,Retail,Cust_0038,24,49,1091.2,658.56
2023-06-22,Wireless Headphones,Electronics,North America,Partner,Cust_0032,15,89,1174.76,774.3
2023-10-06,Desk Mat,Accessories,South America,Retail,Cust_0039,7,29,206.09,105.56
2023-07-07,Desk Mat,Accessories,North America,Partner,Cust_0015,24,29,730.75,361.92
2022-09-15,Wireless Headphones,Electronics,Asia Pacific,Wholesale,Cust_0040,1,89,81.42,51.62
2023-05-17,Smart Speaker,Electronics,Europe,Online,Cust_0038,24,119,2529.15,1770.72
2023-04-20,Ergonomic Chair,Furniture,Europe,Online,Cust_0028,5,249,1075.28,933.75
2023-04-27,Laptop Stand,Accessories,Middle East,Partner,Cust_0007,3,39,132.98,49.14
2023-06-19,Fitness Tracker,Electronics,Middle East,Retail,Cust_0023,20,139,2651.65,1973.8
2023-03-16,Fitness Tracker,Electronics,Europe,Partner,Cust_0003,12,139,1598.62,1184.28
2022-09-20,Wireless Headphones,Electronics,South America,Wholesale,Cust_0037,2,89,201.53,103.24
2022-07-23,Cable Organizer,Accessories,Middle East,Wholesale,Cust_0028,1,15,16.99,5.25
2022-09-08,Laptop Stand,Accessories,South America,Wholesale,Cust_0031,18,39,652.04,294.84
2023-03-14,Webcam HD,Electronics,Europe,Partner,Cust_0014,17,79,1408.36,899.81
2023-05-01,Desk Lamp,Home,Europe,Partner,Cust_0002,19,45,727.46,427.5
2023-11-24,Webcam HD,Electronics,Asia Pacific,Retail,Cust_0021,13,79,875.43,688.09
2022-12-21,Cable Organizer,Accessories,North America,Online,Cust_0032,12,15,164.48,63.0
2023-08-02,Ergonomic Chair,Furniture,South America,Retail,Cust_0012,9,249,2097.04,1680.75
2023-10-23,Noise-cancelling Mic,Electronics,Middle East,Retail,Cust_0004,9,149,1392.39,1045.98
2022-12-10,USB-C Dock,Electronics,Asia Pacific,Partner,Cust_0007,8,99,689.77,554.4
2022-08-11,Monitor 27in,Electronics,North America,Wholesale,Cust_0023,2,299,552.12,358.8
2023-09-06,Noise-cancelling Mic,Electronics,North America,Retail,Cust_0010,9,149,1496.45,1045.98
2022-11-06,Laptop Stand,Accessories,South America,Wholesale,Cust_0015,13,39,551.81,212.94
2022-07-16,Desk Lamp,Home,South America,Partner,Cust_0022,22,45,1065.51,495.0
2023-10-14,Ergonomic Chair,Furniture,North America,Retail,Cust_0011,19,249,4863.59,3548.25
2023-09-16,Desk Lamp,Home,North America,Wholesale,Cust_0015,6,45,306.71,135.0
2023-03-13,Standing Desk,Furniture,North America,Retail,Cust_0010,22,429,9317.87,7739.16
2023-07-07,Noise-cancelling Mic,Electronics,Asia Pacific,Online,Cust_0030,6,149,1023.62,697.32
2022-08-04,Desk Mat,Accessories,North America,Retail,Cust_0029,20,29,512.93,301.6
2023-06-27,Power Bank,Accessories,Middle East,Retail,Cust_0001,6,49,265.86,164.64
2023-09-24,Desk Mat,Accessories,Middle East,Online,Cust_0011,6,29,151.42,90.48
2023-12-29,Smart Speaker,Electronics,North America,Wholesale,Cust_0024,4,119,485.36,295.12
2023-09-27,Laptop Stand,Accessories,Middle East,Online,Cust_0028,25,39,890.6,409.5
2023-07-25,Ergonomic Chair,Furniture,Middle East,Online,Cust_0021,18,249,4574.74,3361.5
2023-10-27,Desk Mat,Accessories,North America,Retail,Cust_0025,16,29,471.8,241.28
